wildtype,sequential_site,reference_site,protein_site,region,immature_numbering,mature_numbering,region.1,domain,contacts,chains
M,1,1,-100,E3,0.0,0.0,E3,,,H
S,2,2,-100,E3,1.0,1.0,E3,,,H
L,3,3,-100,E3,2.0,2.0,E3,,,H
A,4,4,-100,E3,3.0,3.0,E3,,,H
I,5,5,-100,E3,4.0,4.0,E3,,,H
P,6,6,-100,E3,5.0,5.0,E3,,,H
V,7,7,-100,E3,6.0,6.0,E3,,,H
M,8,8,-100,E3,7.0,7.0,E3,,,H
C,9,9,-100,E3,8.0,8.0,E3,,,H
L,10,10,-100,E3,9.0,9.0,E3,,,H
L,11,11,-100,E3,10.0,10.0,E3,,,H
A,12,12,-100,E3,11.0,11.0,E3,,,H
N,13,13,-100,E3,12.0,12.0,E3,,,H
T,14,14,-100,E3,13.0,13.0,E3,,,H
T,15,15,-100,E3,14.0,14.0,E3,,,H
F,16,16,-100,E3,15.0,15.0,E3,,,H
P,17,17,-100,E3,16.0,16.0,E3,,,H
C,18,18,-100,E3,17.0,17.0,E3,,,H
S,19,19,-100,E3,18.0,18.0,E3,,,H
Q,20,20,-100,E3,19.0,19.0,E3,,,H
P,21,21,-100,E3,20.0,20.0,E3,,,H
P,22,22,-100,E3,21.0,21.0,E3,,,H
C,23,23,-100,E3,22.0,22.0,E3,,,H
T,24,24,-100,E3,23.0,23.0,E3,,,H
P,25,25,-100,E3,24.0,24.0,E3,,,H
C,26,26,-100,E3,25.0,25.0,E3,,,H
C,27,27,-100,E3,26.0,26.0,E3,,,H
Y,28,28,-100,E3,27.0,27.0,E3,,,H
E,29,29,-100,E3,28.0,28.0,E3,,,H
K,30,30,-100,E3,29.0,29.0,E3,,,H
E,31,31,-100,E3,30.0,30.0,E3,,,H
P,32,32,-100,E3,31.0,31.0,E3,,,H
E,33,33,-100,E3,32.0,32.0,E3,,,H
K,34,34,-100,E3,33.0,33.0,E3,,,H
T,35,35,-100,E3,34.0,34.0,E3,,,H
L,36,36,-100,E3,35.0,35.0,E3,,,H
R,37,37,-100,E3,36.0,36.0,E3,,,H
M,38,38,-100,E3,37.0,37.0,E3,,,H
L,39,39,-100,E3,38.0,38.0,E3,,,H
E,40,40,-100,E3,39.0,39.0,E3,,,H
D,41,41,-100,E3,40.0,40.0,E3,,,H
N,42,42,-100,E3,41.0,41.0,E3,,,H
V,43,43,-100,E3,42.0,42.0,E3,,,H
M,44,44,-100,E3,43.0,43.0,E3,,,H
S,45,45,-100,E3,44.0,44.0,E3,,,H
P,46,46,-100,E3,45.0,45.0,E3,,,H
G,47,47,-100,E3,46.0,46.0,E3,,,H
Y,48,48,-100,E3,47.0,47.0,E3,,,H
Y,49,49,-100,E3,48.0,48.0,E3,,,H
Q,50,50,-100,E3,49.0,49.0,E3,,,H
L,51,51,-100,E3,50.0,50.0,E3,,,H
L,52,52,-100,E3,51.0,51.0,E3,,,H
Q,53,53,-100,E3,52.0,52.0,E3,,,H
A,54,54,-100,E3,53.0,53.0,E3,,,H
S,55,55,-100,E3,54.0,54.0,E3,,,H
L,56,56,-100,E3,55.0,55.0,E3,,,H
T,57,57,-100,E3,56.0,56.0,E3,,,H
C,58,58,-100,E3,57.0,57.0,E3,,,H
S,59,59,-100,E3,58.0,58.0,E3,furin loop,,H
P,60,60,-100,E3,59.0,59.0,E3,furin loop,,H
R,61,61,-100,E3,60.0,60.0,E3,furin loop,,H
R,62,62,-100,E3,61.0,61.0,E3,furin loop,,H
Q,63,63,-100,E3,62.0,62.0,E3,furin loop,,H
R,64,64,-100,E3,63.0,63.0,E3,furin loop,,H
R,65,65,-100,E3,64.0,64.0,E3,furin loop,,H
S,66,66,1,E2,65.0,1.0,E2,n-linker,,H
I,67,67,2,E2,66.0,2.0,E2,n-linker,,H
K,68,68,3,E2,67.0,3.0,E2,n-linker,,H
D,69,69,4,E2,68.0,4.0,E2,n-linker,,H
N,70,70,5,E2,69.0,5.0,E2,n-linker,intraspike,H
F,71,71,6,E2,70.0,6.0,E2,n-linker,intraspike,H
N,72,72,7,E2,71.0,7.0,E2,n-linker,,H
V,73,73,8,E2,72.0,8.0,E2,n-linker,,H
Y,74,74,9,E2,73.0,9.0,E2,n-linker,,H
K,75,75,10,E2,74.0,10.0,E2,n-linker,,H
A,76,76,11,E2,75.0,11.0,E2,n-linker,,H
I,77,77,12,E2,76.0,12.0,E2,n-linker,,H
R,78,78,13,E2,77.0,13.0,E2,n-linker,,H
P,79,79,14,E2,78.0,14.0,E2,n-linker,,H
Y,80,80,15,E2,79.0,15.0,E2,n-linker,,H
L,81,81,16,E2,80.0,16.0,E2,domain a,,H
A,82,82,17,E2,81.0,17.0,E2,domain a,,H
H,83,83,18,E2,82.0,18.0,E2,domain a,wrapped,H
C,84,84,19,E2,83.0,19.0,E2,domain a,,H
P,85,85,20,E2,84.0,20.0,E2,domain a,,H
D,86,86,21,E2,85.0,21.0,E2,domain a,,H
C,87,87,22,E2,86.0,22.0,E2,domain a,,H
G,88,88,23,E2,87.0,23.0,E2,domain a,,H
E,89,89,24,E2,88.0,24.0,E2,domain a,,H
G,90,90,25,E2,89.0,25.0,E2,domain a,,H
H,91,91,26,E2,90.0,26.0,E2,domain a,wrapped,H
S,92,92,27,E2,91.0,27.0,E2,domain a,wrapped,H
C,93,93,28,E2,92.0,28.0,E2,domain a,wrapped,H
H,94,94,29,E2,93.0,29.0,E2,domain a,wrapped,H
S,95,95,30,E2,94.0,30.0,E2,domain a,,H
P,96,96,31,E2,95.0,31.0,E2,domain a,,H
V,97,97,32,E2,96.0,32.0,E2,domain a,,H
A,98,98,33,E2,97.0,33.0,E2,domain a,,H
L,99,99,34,E2,98.0,34.0,E2,domain a,,H
E,100,100,35,E2,99.0,35.0,E2,domain a,,H
R,101,101,36,E2,100.0,36.0,E2,domain a,,H
I,102,102,37,E2,101.0,37.0,E2,domain a,,H
R,103,103,38,E2,102.0,38.0,E2,domain a,,H
N,104,104,39,E2,103.0,39.0,E2,domain a,,H
E,105,105,40,E2,104.0,40.0,E2,domain a,,H
A,106,106,41,E2,105.0,41.0,E2,domain a,,H
T,107,107,42,E2,106.0,42.0,E2,domain a,,H
D,108,108,43,E2,107.0,43.0,E2,domain a,,H
G,109,109,44,E2,108.0,44.0,E2,domain a,,H
T,110,110,45,E2,109.0,45.0,E2,domain a,,H
L,111,111,46,E2,110.0,46.0,E2,domain a,,H
K,112,112,47,E2,111.0,47.0,E2,domain a,,H
I,113,113,48,E2,112.0,48.0,E2,domain a,,H
Q,114,114,49,E2,113.0,49.0,E2,domain a,,H
V,115,115,50,E2,114.0,50.0,E2,domain a,,H
S,116,116,51,E2,115.0,51.0,E2,domain a,,H
L,117,117,52,E2,116.0,52.0,E2,domain a,,H
Q,118,118,53,E2,117.0,53.0,E2,domain a,,H
I,119,119,54,E2,118.0,54.0,E2,domain a,,H
G,120,120,55,E2,119.0,55.0,E2,domain a,,H
I,121,121,56,E2,120.0,56.0,E2,domain a,,H
K,122,122,57,E2,121.0,57.0,E2,domain a,,H
T,123,123,58,E2,122.0,58.0,E2,domain a,,H
D,124,124,59,E2,123.0,59.0,E2,domain a,,H
D,125,125,60,E2,124.0,60.0,E2,domain a,,H
S,126,126,61,E2,125.0,61.0,E2,domain a,,H
H,127,127,62,E2,126.0,62.0,E2,domain a,intraspike,H
D,128,128,63,E2,127.0,63.0,E2,domain a,,H
W,129,129,64,E2,128.0,64.0,E2,domain a,intraspike,H
T,130,130,65,E2,129.0,65.0,E2,domain a,,H
K,131,131,66,E2,130.0,66.0,E2,domain a,,H
L,132,132,67,E2,131.0,67.0,E2,domain a,,H
R,133,133,68,E2,132.0,68.0,E2,domain a,,H
Y,134,134,69,E2,133.0,69.0,E2,domain a,,H
M,135,135,70,E2,134.0,70.0,E2,domain a,,H
D,136,136,71,E2,135.0,71.0,E2,domain a,wrapped,H
N,137,137,72,E2,136.0,72.0,E2,domain a,wrapped,H
H,138,138,73,E2,137.0,73.0,E2,domain a,,H
M,139,139,74,E2,138.0,74.0,E2,domain a,wrapped,H
P,140,140,75,E2,139.0,75.0,E2,domain a,wrapped,H
A,141,141,76,E2,140.0,76.0,E2,domain a,wrapped,H
D,142,142,77,E2,141.0,77.0,E2,domain a,,H
A,143,143,78,E2,142.0,78.0,E2,domain a,,H
E,144,144,79,E2,143.0,79.0,E2,domain a,,H
R,145,145,80,E2,144.0,80.0,E2,domain a,,H
A,146,146,81,E2,145.0,81.0,E2,domain a,,H
R,147,147,82,E2,146.0,82.0,E2,domain a,,H
L,148,148,83,E2,147.0,83.0,E2,domain a,,H
F,149,149,84,E2,148.0,84.0,E2,domain a,,H
V,150,150,85,E2,149.0,85.0,E2,domain a,,H
R,151,151,86,E2,150.0,86.0,E2,domain a,,H
T,152,152,87,E2,151.0,87.0,E2,domain a,,H
S,153,153,88,E2,152.0,88.0,E2,domain a,,H
A,154,154,89,E2,153.0,89.0,E2,domain a,,H
P,155,155,90,E2,154.0,90.0,E2,domain a,,H
C,156,156,91,E2,155.0,91.0,E2,domain a,,H
T,157,157,92,E2,156.0,92.0,E2,domain a,,H
I,158,158,93,E2,157.0,93.0,E2,domain a,,H
T,159,159,94,E2,158.0,94.0,E2,domain a,,H
G,160,160,95,E2,159.0,95.0,E2,domain a,,H
T,161,161,96,E2,160.0,96.0,E2,domain a,,H
M,162,162,97,E2,161.0,97.0,E2,domain a,,H
G,163,163,98,E2,162.0,98.0,E2,domain a,,H
H,164,164,99,E2,163.0,99.0,E2,domain a,,H
F,165,165,100,E2,164.0,100.0,E2,domain a,,H
I,166,166,101,E2,165.0,101.0,E2,domain a,,H
L,167,167,102,E2,166.0,102.0,E2,domain a,,H
A,168,168,103,E2,167.0,103.0,E2,domain a,,H
R,169,169,104,E2,168.0,104.0,E2,domain a,,H
C,170,170,105,E2,169.0,105.0,E2,domain a,,H
P,171,171,106,E2,170.0,106.0,E2,domain a,,H
K,172,172,107,E2,171.0,107.0,E2,domain a,,H
G,173,173,108,E2,172.0,108.0,E2,domain a,,H
E,174,174,109,E2,173.0,109.0,E2,domain a,,H
T,175,175,110,E2,174.0,110.0,E2,domain a,,H
L,176,176,111,E2,175.0,111.0,E2,domain a,,H
T,177,177,112,E2,176.0,112.0,E2,domain a,,H
V,178,178,113,E2,177.0,113.0,E2,domain a,,H
G,179,179,114,E2,178.0,114.0,E2,domain a,,H
F,180,180,115,E2,179.0,115.0,E2,domain a,,H
T,181,181,116,E2,180.0,116.0,E2,domain a,,H
D,182,182,117,E2,181.0,117.0,E2,domain a,,H
G,183,183,118,E2,182.0,118.0,E2,domain a,,H
R,184,184,119,E2,183.0,119.0,E2,domain a,wrapped,H
K,185,185,120,E2,184.0,120.0,E2,domain a,wrapped,H
I,186,186,121,E2,185.0,121.0,E2,domain a,wrapped,H
S,187,187,122,E2,186.0,122.0,E2,domain a,,H
H,188,188,123,E2,187.0,123.0,E2,domain a,wrapped,H
S,189,189,124,E2,188.0,124.0,E2,domain a,,H
C,190,190,125,E2,189.0,125.0,E2,domain a,,H
T,191,191,126,E2,190.0,126.0,E2,domain a,,H
H,192,192,127,E2,191.0,127.0,E2,domain a,,H
P,193,193,128,E2,192.0,128.0,E2,domain a,,H
F,194,194,129,E2,193.0,129.0,E2,domain a,,H
H,195,195,130,E2,194.0,130.0,E2,domain a,,H
H,196,196,131,E2,195.0,131.0,E2,domain a,,H
D,197,197,132,E2,196.0,132.0,E2,domain a,,H
P,198,198,133,E2,197.0,133.0,E2,domain a,,H
P,199,199,134,E2,198.0,134.0,E2,domain a,,H
V,200,200,135,E2,199.0,135.0,E2,arch,,H
I,201,201,136,E2,200.0,136.0,E2,arch,,H
G,202,202,137,E2,201.0,137.0,E2,arch,,H
R,203,203,138,E2,202.0,138.0,E2,arch,,H
E,204,204,139,E2,203.0,139.0,E2,arch,,H
K,205,205,140,E2,204.0,140.0,E2,arch,,H
F,206,206,141,E2,205.0,141.0,E2,arch,,H
H,207,207,142,E2,206.0,142.0,E2,arch,,H
S,208,208,143,E2,207.0,143.0,E2,arch,,H
R,209,209,144,E2,208.0,144.0,E2,arch,intraspike,H
P,210,210,145,E2,209.0,145.0,E2,arch,,H
Q,211,211,146,E2,210.0,146.0,E2,arch,,H
H,212,212,147,E2,211.0,147.0,E2,arch,,H
G,213,213,148,E2,212.0,148.0,E2,arch,,H
R,214,214,149,E2,213.0,149.0,E2,arch,,H
E,215,215,150,E2,214.0,150.0,E2,arch,intraspike,H
L,216,216,151,E2,215.0,151.0,E2,arch,,H
P,217,217,152,E2,216.0,152.0,E2,arch,,H
C,218,218,153,E2,217.0,153.0,E2,arch,,H
S,219,219,154,E2,218.0,154.0,E2,arch,,H
T,220,220,155,E2,219.0,155.0,E2,arch,,H
Y,221,221,156,E2,220.0,156.0,E2,arch,,H
A,222,222,157,E2,221.0,157.0,E2,arch,intraspike,H
Q,223,223,158,E2,222.0,158.0,E2,arch,intraspike,H
S,224,224,159,E2,223.0,159.0,E2,arch,intraspike,H
T,225,225,160,E2,224.0,160.0,E2,arch,intraspike,H
A,226,226,161,E2,225.0,161.0,E2,arch,,H
A,227,227,162,E2,226.0,162.0,E2,arch,,H
T,228,228,163,E2,227.0,163.0,E2,arch,,H
A,229,229,164,E2,228.0,164.0,E2,arch,,H
E,230,230,165,E2,229.0,165.0,E2,arch,,H
E,231,231,166,E2,230.0,166.0,E2,arch,,H
I,232,232,167,E2,231.0,167.0,E2,arch,,H
E,233,233,168,E2,232.0,168.0,E2,arch,,H
V,234,234,169,E2,233.0,169.0,E2,arch,,H
H,235,235,170,E2,234.0,170.0,E2,arch,,H
M,236,236,171,E2,235.0,171.0,E2,arch,,H
P,237,237,172,E2,236.0,172.0,E2,arch,,H
P,238,238,173,E2,237.0,173.0,E2,domain b,,H
D,239,239,174,E2,238.0,174.0,E2,domain b,,H
T,240,240,175,E2,239.0,175.0,E2,domain b,,H
P,241,241,176,E2,240.0,176.0,E2,domain b,,H
D,242,242,177,E2,241.0,177.0,E2,domain b,,H
R,243,243,178,E2,242.0,178.0,E2,domain b,wrapped,H
T,244,244,179,E2,243.0,179.0,E2,domain b,wrapped,H
L,245,245,180,E2,244.0,180.0,E2,domain b,wrapped,H
M,246,246,181,E2,245.0,181.0,E2,domain b,wrapped,H
S,247,247,182,E2,246.0,182.0,E2,domain b,wrapped,H
Q,248,248,183,E2,247.0,183.0,E2,domain b,,H
Q,249,249,184,E2,248.0,184.0,E2,domain b,,H
S,250,250,185,E2,249.0,185.0,E2,domain b,,H
G,251,251,186,E2,250.0,186.0,E2,domain b,,H
N,252,252,187,E2,251.0,187.0,E2,domain b,,H
V,253,253,188,E2,252.0,188.0,E2,domain b,,H
K,254,254,189,E2,253.0,189.0,E2,domain b,wrapped,H
I,255,255,190,E2,254.0,190.0,E2,domain b,,H
T,256,256,191,E2,255.0,191.0,E2,domain b,wrapped,H
V,257,257,192,E2,256.0,192.0,E2,domain b,,H
N,258,258,193,E2,257.0,193.0,E2,domain b,wrapped,H
S,259,259,194,E2,258.0,194.0,E2,domain b,,H
Q,260,260,195,E2,259.0,195.0,E2,domain b,,H
T,261,261,196,E2,260.0,196.0,E2,domain b,,H
V,262,262,197,E2,261.0,197.0,E2,domain b,,H
R,263,263,198,E2,262.0,198.0,E2,domain b,,H
Y,264,264,199,E2,263.0,199.0,E2,domain b,,H
K,265,265,200,E2,264.0,200.0,E2,domain b,,H
C,266,266,201,E2,265.0,201.0,E2,domain b,,H
N,267,267,202,E2,266.0,202.0,E2,domain b,,H
C,268,268,203,E2,267.0,203.0,E2,domain b,,H
G,269,269,204,E2,268.0,204.0,E2,domain b,,H
D,270,270,205,E2,269.0,205.0,E2,domain b,,H
S,271,271,206,E2,270.0,206.0,E2,domain b,,H
N,272,272,207,E2,271.0,207.0,E2,domain b,,H
E,273,273,208,E2,272.0,208.0,E2,domain b,,H
G,274,274,209,E2,273.0,209.0,E2,domain b,,H
L,275,275,210,E2,274.0,210.0,E2,domain b,,H
T,276,276,211,E2,275.0,211.0,E2,domain b,,H
T,277,277,212,E2,276.0,212.0,E2,domain b,wrapped,H
T,278,278,213,E2,277.0,213.0,E2,domain b,wrapped,H
D,279,279,214,E2,278.0,214.0,E2,domain b,wrapped,H
K,280,280,215,E2,279.0,215.0,E2,domain b,,H
V,281,281,216,E2,280.0,216.0,E2,domain b,,H
I,282,282,217,E2,281.0,217.0,E2,domain b,,H
N,283,283,218,E2,282.0,218.0,E2,domain b,,H
N,284,284,219,E2,283.0,219.0,E2,domain b,,H
C,285,285,220,E2,284.0,220.0,E2,domain b,,H
K,286,286,221,E2,285.0,221.0,E2,domain b,wrapped,H
V,287,287,222,E2,286.0,222.0,E2,domain b,wrapped,H
D,288,288,223,E2,287.0,223.0,E2,domain b,wrapped,H
Q,289,289,224,E2,288.0,224.0,E2,domain b,,H
C,290,290,225,E2,289.0,225.0,E2,domain b,,H
H,291,291,226,E2,290.0,226.0,E2,domain b,,H
A,292,292,227,E2,291.0,227.0,E2,domain b,,H
A,293,293,228,E2,292.0,228.0,E2,domain b,,H
V,294,294,229,E2,293.0,229.0,E2,domain b,,H
T,295,295,230,E2,294.0,230.0,E2,domain b,,H
N,296,296,231,E2,295.0,231.0,E2,arch,,H
H,297,297,232,E2,296.0,232.0,E2,arch,,H
K,298,298,233,E2,297.0,233.0,E2,arch,,H
K,299,299,234,E2,298.0,234.0,E2,arch,,H
W,300,300,235,E2,299.0,235.0,E2,arch,,H
Q,301,301,236,E2,300.0,236.0,E2,arch,,H
Y,302,302,237,E2,301.0,237.0,E2,arch,,H
N,303,303,238,E2,302.0,238.0,E2,arch,,H
S,304,304,239,E2,303.0,239.0,E2,arch,,H
P,305,305,240,E2,304.0,240.0,E2,arch,,H
L,306,306,241,E2,305.0,241.0,E2,arch,,H
V,307,307,242,E2,306.0,242.0,E2,arch,,H
P,308,308,243,E2,307.0,243.0,E2,arch,,H
R,309,309,244,E2,308.0,244.0,E2,arch,,H
N,310,310,245,E2,309.0,245.0,E2,arch,,H
A,311,311,246,E2,310.0,246.0,E2,arch,,H
E,312,312,247,E2,311.0,247.0,E2,arch,,H
L,313,313,248,E2,312.0,248.0,E2,arch,,H
G,314,314,249,E2,313.0,249.0,E2,arch,,H
D,315,315,250,E2,314.0,250.0,E2,arch,,H
R,316,316,251,E2,315.0,251.0,E2,arch,,H
K,317,317,252,E2,316.0,252.0,E2,arch,,H
G,318,318,253,E2,317.0,253.0,E2,arch,,H
K,319,319,254,E2,318.0,254.0,E2,arch,,H
V,320,320,255,E2,319.0,255.0,E2,arch,,H
H,321,321,256,E2,320.0,256.0,E2,arch,,H
I,322,322,257,E2,321.0,257.0,E2,arch,,H
P,323,323,258,E2,322.0,258.0,E2,arch,,H
F,324,324,259,E2,323.0,259.0,E2,arch,,H
P,325,325,260,E2,324.0,260.0,E2,arch,,H
L,326,326,261,E2,325.0,261.0,E2,arch,,H
A,327,327,262,E2,326.0,262.0,E2,arch,,H
N,328,328,263,E2,327.0,263.0,E2,arch,intraspike,H
V,329,329,264,E2,328.0,264.0,E2,arch,intraspike,H
T,330,330,265,E2,329.0,265.0,E2,arch,intraspike,H
C,331,331,266,E2,330.0,266.0,E2,arch,,H
R,332,332,267,E2,331.0,267.0,E2,arch,intraspike,H
V,333,333,268,E2,332.0,268.0,E2,arch,,H
P,334,334,269,E2,333.0,269.0,E2,arch,,H
K,335,335,270,E2,334.0,270.0,E2,arch,,H
A,336,336,271,E2,335.0,271.0,E2,domain c,,H
R,337,337,272,E2,336.0,272.0,E2,domain c,,H
N,338,338,273,E2,337.0,273.0,E2,domain c,,H
P,339,339,274,E2,338.0,274.0,E2,domain c,,H
T,340,340,275,E2,339.0,275.0,E2,domain c,,H
V,341,341,276,E2,340.0,276.0,E2,domain c,,H
T,342,342,277,E2,341.0,277.0,E2,domain c,,H
Y,343,343,278,E2,342.0,278.0,E2,domain c,,H
G,344,344,279,E2,343.0,279.0,E2,domain c,,H
K,345,345,280,E2,344.0,280.0,E2,domain c,,H
N,346,346,281,E2,345.0,281.0,E2,domain c,,H
Q,347,347,282,E2,346.0,282.0,E2,domain c,,H
V,348,348,283,E2,347.0,283.0,E2,domain c,,H
I,349,349,284,E2,348.0,284.0,E2,domain c,,H
M,350,350,285,E2,349.0,285.0,E2,domain c,,H
L,351,351,286,E2,350.0,286.0,E2,domain c,,H
L,352,352,287,E2,351.0,287.0,E2,domain c,,H
Y,353,353,288,E2,352.0,288.0,E2,domain c,,H
P,354,354,289,E2,353.0,289.0,E2,domain c,,H
D,355,355,290,E2,354.0,290.0,E2,domain c,,H
H,356,356,291,E2,355.0,291.0,E2,domain c,,H
P,357,357,292,E2,356.0,292.0,E2,domain c,,H
T,358,358,293,E2,357.0,293.0,E2,domain c,,H
L,359,359,294,E2,358.0,294.0,E2,domain c,,H
L,360,360,295,E2,359.0,295.0,E2,domain c,,H
S,361,361,296,E2,360.0,296.0,E2,domain c,,H
Y,362,362,297,E2,361.0,297.0,E2,domain c,,H
R,363,363,298,E2,362.0,298.0,E2,domain c,,H
N,364,364,299,E2,363.0,299.0,E2,domain c,,H
M,365,365,300,E2,364.0,300.0,E2,domain c,,H
G,366,366,301,E2,365.0,301.0,E2,domain c,,H
E,367,367,302,E2,366.0,302.0,E2,domain c,,H
E,368,368,303,E2,367.0,303.0,E2,domain c,,H
P,369,369,304,E2,368.0,304.0,E2,domain c,,H
N,370,370,305,E2,369.0,305.0,E2,domain c,,H
Y,371,371,306,E2,370.0,306.0,E2,domain c,,H
Q,372,372,307,E2,371.0,307.0,E2,domain c,,H
E,373,373,308,E2,372.0,308.0,E2,domain c,,H
E,374,374,309,E2,373.0,309.0,E2,domain c,,H
W,375,375,310,E2,374.0,310.0,E2,domain c,,H
V,376,376,311,E2,375.0,311.0,E2,domain c,,H
T,377,377,312,E2,376.0,312.0,E2,domain c,,H
H,378,378,313,E2,377.0,313.0,E2,domain c,,H
K,379,379,314,E2,378.0,314.0,E2,domain c,,H
K,380,380,315,E2,379.0,315.0,E2,domain c,,H
E,381,381,316,E2,380.0,316.0,E2,domain c,,H
I,382,382,317,E2,381.0,317.0,E2,domain c,,H
R,383,383,318,E2,382.0,318.0,E2,domain c,,H
L,384,384,319,E2,383.0,319.0,E2,domain c,,H
T,385,385,320,E2,384.0,320.0,E2,domain c,,H
V,386,386,321,E2,385.0,321.0,E2,domain c,,H
P,387,387,322,E2,386.0,322.0,E2,domain c,,H
T,388,388,323,E2,387.0,323.0,E2,domain c,,H
E,389,389,324,E2,388.0,324.0,E2,domain c,,H
G,390,390,325,E2,389.0,325.0,E2,domain c,,H
L,391,391,326,E2,390.0,326.0,E2,domain c,,H
E,392,392,327,E2,391.0,327.0,E2,domain c,,H
V,393,393,328,E2,392.0,328.0,E2,domain c,,H
T,394,394,329,E2,393.0,329.0,E2,domain c,,H
W,395,395,330,E2,394.0,330.0,E2,domain c,,H
G,396,396,331,E2,395.0,331.0,E2,domain c,,H
N,397,397,332,E2,396.0,332.0,E2,domain c,,H
N,398,398,333,E2,397.0,333.0,E2,domain c,,H
E,399,399,334,E2,398.0,334.0,E2,domain c,,H
P,400,400,335,E2,399.0,335.0,E2,domain c,,H
Y,401,401,336,E2,400.0,336.0,E2,domain c,,H
K,402,402,337,E2,401.0,337.0,E2,domain c,,H
Y,403,403,338,E2,402.0,338.0,E2,domain c,,H
W,404,404,339,E2,403.0,339.0,E2,domain c,,H
P,405,405,340,E2,404.0,340.0,E2,domain c,,H
Q,406,406,341,E2,405.0,341.0,E2,domain c,,H
L,407,407,342,E2,406.0,342.0,E2,stem,,H
S,408,408,343,E2,407.0,343.0,E2,stem,,H
T,409,409,344,E2,408.0,344.0,E2,stem,,H
N,410,410,345,E2,409.0,345.0,E2,stem,,H
G,411,411,346,E2,410.0,346.0,E2,stem,,H
T,412,412,347,E2,411.0,347.0,E2,stem,,H
A,413,413,348,E2,412.0,348.0,E2,stem,,H
H,414,414,349,E2,413.0,349.0,E2,stem,,H
G,415,415,350,E2,414.0,350.0,E2,stem,,H
H,416,416,351,E2,415.0,351.0,E2,stem,,H
P,417,417,352,E2,416.0,352.0,E2,stem,,H
H,418,418,353,E2,417.0,353.0,E2,stem,,H
E,419,419,354,E2,418.0,354.0,E2,stem,,H
I,420,420,355,E2,419.0,355.0,E2,stem,,H
I,421,421,356,E2,420.0,356.0,E2,stem,,H
L,422,422,357,E2,421.0,357.0,E2,stem,,H
Y,423,423,358,E2,422.0,358.0,E2,stem,,H
Y,424,424,359,E2,423.0,359.0,E2,stem,,H
Y,425,425,360,E2,424.0,360.0,E2,stem,,H
E,426,426,361,E2,425.0,361.0,E2,stem,,H
L,427,427,362,E2,426.0,362.0,E2,stem,,H
Y,428,428,363,E2,427.0,363.0,E2,transmembrane,,H
P,429,429,364,E2,428.0,364.0,E2,transmembrane,,H
T,430,430,365,E2,429.0,365.0,E2,transmembrane,,H
M,431,431,366,E2,430.0,366.0,E2,transmembrane,,H
T,432,432,367,E2,431.0,367.0,E2,transmembrane,,H
V,433,433,368,E2,432.0,368.0,E2,transmembrane,,H
V,434,434,369,E2,433.0,369.0,E2,transmembrane,,H
V,435,435,370,E2,434.0,370.0,E2,transmembrane,,H
V,436,436,371,E2,435.0,371.0,E2,transmembrane,,H
S,437,437,372,E2,436.0,372.0,E2,transmembrane,,H
V,438,438,373,E2,437.0,373.0,E2,transmembrane,,H
A,439,439,374,E2,438.0,374.0,E2,transmembrane,,H
S,440,440,375,E2,439.0,375.0,E2,transmembrane,,H
F,441,441,376,E2,440.0,376.0,E2,transmembrane,,H
V,442,442,377,E2,441.0,377.0,E2,transmembrane,,H
L,443,443,378,E2,442.0,378.0,E2,transmembrane,,H
L,444,444,379,E2,443.0,379.0,E2,transmembrane,,H
S,445,445,380,E2,444.0,380.0,E2,transmembrane,,H
M,446,446,381,E2,445.0,381.0,E2,transmembrane,,H
V,447,447,382,E2,446.0,382.0,E2,transmembrane,,H
G,448,448,383,E2,447.0,383.0,E2,transmembrane,,H
V,449,449,384,E2,448.0,384.0,E2,transmembrane,,H
A,450,450,385,E2,449.0,385.0,E2,transmembrane,,H
V,451,451,386,E2,450.0,386.0,E2,transmembrane,,H
G,452,452,387,E2,451.0,387.0,E2,transmembrane,,H
M,453,453,388,E2,452.0,388.0,E2,transmembrane,,H
C,454,454,389,E2,453.0,389.0,E2,transmembrane,,H
M,455,455,390,E2,454.0,390.0,E2,transmembrane,,H
C,456,456,391,E2,455.0,391.0,E2,transmembrane,,H
A,457,457,392,E2,456.0,392.0,E2,cytoplasmic,,H
R,458,458,393,E2,457.0,393.0,E2,cytoplasmic,,H
R,459,459,394,E2,458.0,394.0,E2,cytoplasmic,,H
R,460,460,395,E2,459.0,395.0,E2,cytoplasmic,,H
C,461,461,396,E2,460.0,396.0,E2,cytoplasmic,,H
I,462,462,397,E2,461.0,397.0,E2,cytoplasmic,,H
T,463,463,398,E2,462.0,398.0,E2,cytoplasmic,,H
P,464,464,399,E2,463.0,399.0,E2,cytoplasmic,,H
Y,465,465,400,E2,464.0,400.0,E2,cytoplasmic,,H
E,466,466,401,E2,465.0,401.0,E2,cytoplasmic,,H
L,467,467,402,E2,466.0,402.0,E2,cytoplasmic,,H
T,468,468,403,E2,467.0,403.0,E2,cytoplasmic,,H
P,469,469,404,E2,468.0,404.0,E2,cytoplasmic,,H
G,470,470,405,E2,469.0,405.0,E2,cytoplasmic,,H
A,471,471,406,E2,470.0,406.0,E2,cytoplasmic,,H
T,472,472,407,E2,471.0,407.0,E2,cytoplasmic,,H
V,473,473,408,E2,472.0,408.0,E2,cytoplasmic,,H
P,474,474,409,E2,473.0,409.0,E2,cytoplasmic,,H
F,475,475,410,E2,474.0,410.0,E2,cytoplasmic,,H
L,476,476,411,E2,475.0,411.0,E2,cytoplasmic,,H
L,477,477,412,E2,476.0,412.0,E2,cytoplasmic,,H
S,478,478,413,E2,477.0,413.0,E2,cytoplasmic,,H
L,479,479,414,E2,478.0,414.0,E2,cytoplasmic,,H
I,480,480,415,E2,479.0,415.0,E2,cytoplasmic,,H
C,481,481,416,E2,480.0,416.0,E2,cytoplasmic,,H
C,482,482,417,E2,481.0,417.0,E2,cytoplasmic,,H
I,483,483,418,E2,482.0,418.0,E2,cytoplasmic,,H
R,484,484,419,E2,483.0,419.0,E2,cytoplasmic,,H
T,485,485,420,E2,484.0,420.0,E2,cytoplasmic,,H
A,486,486,421,E2,485.0,421.0,E2,cytoplasmic,,H
K,487,487,422,E2,486.0,422.0,E2,cytoplasmic,,H
A,488,488,423,E2,487.0,423.0,E2,cytoplasmic,,H
A,489,489,-100,6K,,,6K,,,D
T,490,490,-100,6K,,,6K,,,D
Y,491,491,-100,6K,,,6K,,,D
Q,492,492,-100,6K,,,6K,,,D
E,493,493,-100,6K,,,6K,,,D
A,494,494,-100,6K,,,6K,,,D
A,495,495,-100,6K,,,6K,,,D
V,496,496,-100,6K,,,6K,,,D
Y,497,497,-100,6K,,,6K,,,D
L,498,498,-100,6K,,,6K,,,D
W,499,499,-100,6K,,,6K,,,D
N,500,500,-100,6K,,,6K,,,D
E,501,501,-100,6K,,,6K,,,D
Q,502,502,-100,6K,,,6K,,,D
Q,503,503,-100,6K,,,6K,,,D
P,504,504,-100,6K,,,6K,,,D
L,505,505,-100,6K,,,6K,,,D
F,506,506,-100,6K,,,6K,,,D
W,507,507,-100,6K,,,6K,,,D
L,508,508,-100,6K,,,6K,,,D
Q,509,509,-100,6K,,,6K,,,D
A,510,510,-100,6K,,,6K,,,D
L,511,511,-100,6K,,,6K,,,D
I,512,512,-100,6K,,,6K,,,D
P,513,513,-100,6K,,,6K,,,D
L,514,514,-100,6K,,,6K,,,D
A,515,515,-100,6K,,,6K,,,D
A,516,516,-100,6K,,,6K,,,D
L,517,517,-100,6K,,,6K,,,D
I,518,518,-100,6K,,,6K,,,D
V,519,519,-100,6K,,,6K,,,D
L,520,520,-100,6K,,,6K,,,D
C,521,521,-100,6K,,,6K,,,D
N,522,522,-100,6K,,,6K,,,D
C,523,523,-100,6K,,,6K,,,D
L,524,524,-100,6K,,,6K,,,D
R,525,525,-100,6K,,,6K,,,D
L,526,526,-100,6K,,,6K,,,D
L,527,527,-100,6K,,,6K,,,D
P,528,528,-100,6K,,,6K,,,D
C,529,529,-100,6K,,,6K,,,D
F,530,530,-100,6K,,,6K,,,D
C,531,531,-100,6K,,,6K,,,D
K,532,532,-100,6K,,,6K,,,D
T,533,533,-100,6K,,,6K,,,D
L,534,534,-100,6K,,,6K,,,D
T,535,535,-100,6K,,,6K,,,D
F,536,536,-100,6K,,,6K,,,D
L,537,537,-100,6K,,,6K,,,D
A,538,538,-100,6K,,,6K,,,D
V,539,539,-100,6K,,,6K,,,D
M,540,540,-100,6K,,,6K,,,D
S,541,541,-100,6K,,,6K,,,D
V,542,542,-100,6K,,,6K,,,D
G,543,543,-100,6K,,,6K,,,D
A,544,544,-100,6K,,,6K,,,D
H,545,545,-100,6K,,,6K,,,D
T,546,546,-100,6K,,,6K,,,D
V,547,547,-100,6K,,,6K,,,D
S,548,548,-100,6K,,,6K,,,D
A,549,549,-100,6K,,,6K,,,D
Y,550,550,1,E1,1.0,1.0,E1,domain I,,D
E,551,551,2,E1,2.0,2.0,E1,domain I,,D
H,552,552,3,E1,3.0,3.0,E1,domain I,,D
V,553,553,4,E1,4.0,4.0,E1,domain I,,D
T,554,554,5,E1,5.0,5.0,E1,domain I,,D
V,555,555,6,E1,6.0,6.0,E1,domain I,,D
I,556,556,7,E1,7.0,7.0,E1,domain I,,D
P,557,557,8,E1,8.0,8.0,E1,domain I,,D
N,558,558,9,E1,9.0,9.0,E1,domain I,,D
T,559,559,10,E1,10.0,10.0,E1,domain I,,D
V,560,560,11,E1,11.0,11.0,E1,domain I,,D
G,561,561,12,E1,12.0,12.0,E1,domain I,,D
V,562,562,13,E1,13.0,13.0,E1,domain I,,D
P,563,563,14,E1,14.0,14.0,E1,domain I,,D
Y,564,564,15,E1,15.0,15.0,E1,domain I,,D
K,565,565,16,E1,16.0,16.0,E1,domain I,,D
T,566,566,17,E1,17.0,17.0,E1,domain I,,D
L,567,567,18,E1,18.0,18.0,E1,domain I,,D
V,568,568,19,E1,19.0,19.0,E1,domain I,,D
N,569,569,20,E1,20.0,20.0,E1,domain I,,D
R,570,570,21,E1,21.0,21.0,E1,domain I,,D
P,571,571,22,E1,22.0,22.0,E1,domain I,,D
G,572,572,23,E1,23.0,23.0,E1,domain I,,D
Y,573,573,24,E1,24.0,24.0,E1,domain I,,D
S,574,574,25,E1,25.0,25.0,E1,domain I,,D
P,575,575,26,E1,26.0,26.0,E1,domain I,,D
M,576,576,27,E1,27.0,27.0,E1,domain I,,D
V,577,577,28,E1,28.0,28.0,E1,domain I,,D
L,578,578,29,E1,29.0,29.0,E1,domain I,,D
E,579,579,30,E1,30.0,30.0,E1,domain I,,D
M,580,580,31,E1,31.0,31.0,E1,domain I,,D
E,581,581,32,E1,32.0,32.0,E1,domain I,,D
L,582,582,33,E1,33.0,33.0,E1,domain I,,D
L,583,583,34,E1,34.0,34.0,E1,domain I,,D
S,584,584,35,E1,35.0,35.0,E1,domain I,,D
V,585,585,36,E1,36.0,36.0,E1,domain I,,D
T,586,586,37,E1,37.0,37.0,E1,domain I,intraspike,D
L,587,587,38,E1,38.0,38.0,E1,domain I,,D
E,588,588,39,E1,39.0,39.0,E1,domain I,,D
P,589,589,40,E1,40.0,40.0,E1,domain II,,D
T,590,590,41,E1,41.0,41.0,E1,domain II,,D
L,591,591,42,E1,42.0,42.0,E1,domain II,,D
S,592,592,43,E1,43.0,43.0,E1,domain II,,D
L,593,593,44,E1,44.0,44.0,E1,domain II,,D
D,594,594,45,E1,45.0,45.0,E1,domain II,,D
Y,595,595,46,E1,46.0,46.0,E1,domain II,,D
I,596,596,47,E1,47.0,47.0,E1,domain II,,D
T,597,597,48,E1,48.0,48.0,E1,domain II,,D
C,598,598,49,E1,49.0,49.0,E1,domain II,,D
E,599,599,50,E1,50.0,50.0,E1,domain II,,D
Y,600,600,51,E1,51.0,51.0,E1,domain II,,D
K,601,601,52,E1,52.0,52.0,E1,domain II,,D
T,602,602,53,E1,53.0,53.0,E1,domain II,,D
V,603,603,54,E1,54.0,54.0,E1,domain II,,D
I,604,604,55,E1,55.0,55.0,E1,domain II,,D
P,605,605,56,E1,56.0,56.0,E1,domain II,,D
S,606,606,57,E1,57.0,57.0,E1,domain II,,D
P,607,607,58,E1,58.0,58.0,E1,domain II,,D
Y,608,608,59,E1,59.0,59.0,E1,domain II,,D
V,609,609,60,E1,60.0,60.0,E1,domain II,,D
K,610,610,61,E1,61.0,61.0,E1,domain II,,D
C,611,611,62,E1,62.0,62.0,E1,domain II,,D
C,612,612,63,E1,63.0,63.0,E1,domain II,,D
G,613,613,64,E1,64.0,64.0,E1,domain II,,D
T,614,614,65,E1,65.0,65.0,E1,domain II,,D
A,615,615,66,E1,66.0,66.0,E1,domain II,,D
E,616,616,67,E1,67.0,67.0,E1,domain II,,D
C,617,617,68,E1,68.0,68.0,E1,domain II,,D
K,618,618,69,E1,69.0,69.0,E1,domain II,,D
D,619,619,70,E1,70.0,70.0,E1,domain II,,D
K,620,620,71,E1,71.0,71.0,E1,domain II,interspike,D
S,621,621,72,E1,72.0,72.0,E1,domain II,interspike,D
L,622,622,73,E1,73.0,73.0,E1,domain II,interspike,D
P,623,623,74,E1,74.0,74.0,E1,domain II,interspike,D
D,624,624,75,E1,75.0,75.0,E1,domain II,,D
Y,625,625,76,E1,76.0,76.0,E1,domain II,,D
S,626,626,77,E1,77.0,77.0,E1,domain II,,D
C,627,627,78,E1,78.0,78.0,E1,domain II,,D
K,628,628,79,E1,79.0,79.0,E1,domain II,,D
V,629,629,80,E1,80.0,80.0,E1,domain II,,D
F,630,630,81,E1,81.0,81.0,E1,domain II,,D
T,631,631,82,E1,82.0,82.0,E1,domain II,,D
G,632,632,83,E1,83.0,83.0,E1,domain II,wrapped,D
V,633,633,84,E1,84.0,84.0,E1,fusion loop,,D
Y,634,634,85,E1,85.0,85.0,E1,fusion loop,wrapped,D
P,635,635,86,E1,86.0,86.0,E1,fusion loop,,D
F,636,636,87,E1,87.0,87.0,E1,fusion loop,wrapped,D
M,637,637,88,E1,88.0,88.0,E1,fusion loop,wrapped,D
W,638,638,89,E1,89.0,89.0,E1,fusion loop,wrapped,D
G,639,639,90,E1,90.0,90.0,E1,fusion loop,wrapped,D
G,640,640,91,E1,91.0,91.0,E1,fusion loop,wrapped,D
A,641,641,92,E1,92.0,92.0,E1,fusion loop,,D
Y,642,642,93,E1,93.0,93.0,E1,fusion loop,,D
C,643,643,94,E1,94.0,94.0,E1,fusion loop,,D
F,644,644,95,E1,95.0,95.0,E1,fusion loop,,D
C,645,645,96,E1,96.0,96.0,E1,fusion loop,,D
D,646,646,97,E1,97.0,97.0,E1,fusion loop,,D
T,647,647,98,E1,98.0,98.0,E1,fusion loop,,D
E,648,648,99,E1,99.0,99.0,E1,fusion loop,,D
N,649,649,100,E1,100.0,100.0,E1,domain II,,D
T,650,650,101,E1,101.0,101.0,E1,domain II,,D
Q,651,651,102,E1,102.0,102.0,E1,domain II,,D
L,652,652,103,E1,103.0,103.0,E1,domain II,,D
S,653,653,104,E1,104.0,104.0,E1,domain II,,D
E,654,654,105,E1,105.0,105.0,E1,domain II,,D
A,655,655,106,E1,106.0,106.0,E1,domain II,,D
H,656,656,107,E1,107.0,107.0,E1,domain II,,D
V,657,657,108,E1,108.0,108.0,E1,domain II,,D
E,658,658,109,E1,109.0,109.0,E1,domain II,,D
K,659,659,110,E1,110.0,110.0,E1,domain II,,D
S,660,660,111,E1,111.0,111.0,E1,domain II,,D
E,661,661,112,E1,112.0,112.0,E1,domain II,interspike,D
S,662,662,113,E1,113.0,113.0,E1,domain II,,D
C,663,663,114,E1,114.0,114.0,E1,domain II,,D
K,664,664,115,E1,115.0,115.0,E1,domain II,interspike,D
T,665,665,116,E1,116.0,116.0,E1,domain II,,D
E,666,666,117,E1,117.0,117.0,E1,domain II,,D
F,667,667,118,E1,118.0,118.0,E1,domain II,,D
A,668,668,119,E1,119.0,119.0,E1,domain II,,D
S,669,669,120,E1,120.0,120.0,E1,domain II,,D
A,670,670,121,E1,121.0,121.0,E1,domain II,,D
Y,671,671,122,E1,122.0,122.0,E1,domain II,,D
R,672,672,123,E1,123.0,123.0,E1,domain II,,D
A,673,673,124,E1,124.0,124.0,E1,domain II,,D
H,674,674,125,E1,125.0,125.0,E1,domain II,,D
T,675,675,126,E1,126.0,126.0,E1,domain II,,D
A,676,676,127,E1,127.0,127.0,E1,domain II,,D
S,677,677,128,E1,128.0,128.0,E1,domain II,,D
A,678,678,129,E1,129.0,129.0,E1,domain I,,D
S,679,679,130,E1,130.0,130.0,E1,domain I,intraspike,D
A,680,680,131,E1,131.0,131.0,E1,domain I,,D
K,681,681,132,E1,132.0,132.0,E1,domain I,intraspike,D
L,682,682,133,E1,133.0,133.0,E1,domain I,,D
R,683,683,134,E1,134.0,134.0,E1,domain I,,D
V,684,684,135,E1,135.0,135.0,E1,domain I,,D
L,685,685,136,E1,136.0,136.0,E1,domain I,,D
Y,686,686,137,E1,137.0,137.0,E1,domain I,,D
Q,687,687,138,E1,138.0,138.0,E1,domain I,,D
G,688,688,139,E1,139.0,139.0,E1,domain I,,D
N,689,689,140,E1,140.0,140.0,E1,domain I,,D
N,690,690,141,E1,141.0,141.0,E1,domain I,,D
V,691,691,142,E1,142.0,142.0,E1,domain I,intraspike,D
T,692,692,143,E1,143.0,143.0,E1,domain I,intraspike,D
V,693,693,144,E1,144.0,144.0,E1,domain I,,D
S,694,694,145,E1,145.0,145.0,E1,domain I,intraspike,D
A,695,695,146,E1,146.0,146.0,E1,domain I,intraspike,D
Y,696,696,147,E1,147.0,147.0,E1,domain I,intraspike,D
A,697,697,148,E1,148.0,148.0,E1,domain I,,D
N,698,698,149,E1,149.0,149.0,E1,domain I,,D
G,699,699,150,E1,150.0,150.0,E1,domain I,,D
D,700,700,151,E1,151.0,151.0,E1,domain I,,D
H,701,701,152,E1,152.0,152.0,E1,domain I,intraspike,D
A,702,702,153,E1,153.0,153.0,E1,domain I,,D
V,703,703,154,E1,154.0,154.0,E1,domain I,intraspike,D
T,704,704,155,E1,155.0,155.0,E1,domain I,,D
V,705,705,156,E1,156.0,156.0,E1,domain I,intraspike,D
K,706,706,157,E1,157.0,157.0,E1,domain I,intraspike,D
D,707,707,158,E1,158.0,158.0,E1,domain I,,D
A,708,708,159,E1,159.0,159.0,E1,domain I,,D
K,709,709,160,E1,160.0,160.0,E1,domain I,,D
F,710,710,161,E1,161.0,161.0,E1,domain I,,D
I,711,711,162,E1,162.0,162.0,E1,domain I,,D
V,712,712,163,E1,163.0,163.0,E1,domain I,,D
G,713,713,164,E1,164.0,164.0,E1,domain I,,D
P,714,714,165,E1,165.0,165.0,E1,domain I,,D
M,715,715,166,E1,166.0,166.0,E1,domain I,,D
S,716,716,167,E1,167.0,167.0,E1,domain I,,D
S,717,717,168,E1,168.0,168.0,E1,domain I,,D
A,718,718,169,E1,169.0,169.0,E1,domain II,,D
W,719,719,170,E1,170.0,170.0,E1,domain II,,D
T,720,720,171,E1,171.0,171.0,E1,domain II,,D
P,721,721,172,E1,172.0,172.0,E1,domain II,,D
F,722,722,173,E1,173.0,173.0,E1,domain II,,D
D,723,723,174,E1,174.0,174.0,E1,domain II,,D
N,724,724,175,E1,175.0,175.0,E1,domain II,,D
K,725,725,176,E1,176.0,176.0,E1,domain II,,D
I,726,726,177,E1,177.0,177.0,E1,domain II,,D
V,727,727,178,E1,178.0,178.0,E1,domain II,,D
V,728,728,179,E1,179.0,179.0,E1,domain II,,D
Y,729,729,180,E1,180.0,180.0,E1,domain II,,D
K,730,730,181,E1,181.0,181.0,E1,domain II,,D
G,731,731,182,E1,182.0,182.0,E1,domain II,,D
D,732,732,183,E1,183.0,183.0,E1,domain II,,D
V,733,733,184,E1,184.0,184.0,E1,domain II,,D
Y,734,734,185,E1,185.0,185.0,E1,domain II,,D
N,735,735,186,E1,186.0,186.0,E1,domain II,,D
M,736,736,187,E1,187.0,187.0,E1,domain II,,D
D,737,737,188,E1,188.0,188.0,E1,domain II,,D
Y,738,738,189,E1,189.0,189.0,E1,domain II,,D
P,739,739,190,E1,190.0,190.0,E1,domain II,,D
P,740,740,191,E1,191.0,191.0,E1,domain II,,D
F,741,741,192,E1,192.0,192.0,E1,domain II,,D
G,742,742,193,E1,193.0,193.0,E1,domain II,,D
A,743,743,194,E1,194.0,194.0,E1,domain II,,D
G,744,744,195,E1,195.0,195.0,E1,domain II,,D
R,745,745,196,E1,196.0,196.0,E1,domain II,,D
P,746,746,197,E1,197.0,197.0,E1,domain II,,D
G,747,747,198,E1,198.0,198.0,E1,domain II,,D
Q,748,748,199,E1,199.0,199.0,E1,domain II,,D
F,749,749,200,E1,200.0,200.0,E1,domain II,,D
G,750,750,201,E1,201.0,201.0,E1,domain II,,D
D,751,751,202,E1,202.0,202.0,E1,domain II,,D
I,752,752,203,E1,203.0,203.0,E1,domain II,,D
Q,753,753,204,E1,204.0,204.0,E1,domain II,,D
S,754,754,205,E1,205.0,205.0,E1,domain II,,D
R,755,755,206,E1,206.0,206.0,E1,domain II,interspike,D
T,756,756,207,E1,207.0,207.0,E1,domain II,interspike,D
P,757,757,208,E1,208.0,208.0,E1,domain II,,D
E,758,758,209,E1,209.0,209.0,E1,domain II,interspike,D
S,759,759,210,E1,210.0,210.0,E1,domain II,interspike,D
E,760,760,211,E1,211.0,211.0,E1,domain II,interspike,D
D,761,761,212,E1,212.0,212.0,E1,domain II,interspike,D
V,762,762,213,E1,213.0,213.0,E1,domain II,,D
Y,763,763,214,E1,214.0,214.0,E1,domain II,,D
A,764,764,215,E1,215.0,215.0,E1,domain II,,D
N,765,765,216,E1,216.0,216.0,E1,domain II,,D
T,766,766,217,E1,217.0,217.0,E1,domain II,,D
Q,767,767,218,E1,218.0,218.0,E1,domain II,,D
L,768,768,219,E1,219.0,219.0,E1,domain II,,D
V,769,769,220,E1,220.0,220.0,E1,domain II,,D
L,770,770,221,E1,221.0,221.0,E1,domain II,,D
Q,771,771,222,E1,222.0,222.0,E1,domain II,,D
R,772,772,223,E1,223.0,223.0,E1,domain II,wrapped,D
P,773,773,224,E1,224.0,224.0,E1,domain II,,D
S,774,774,225,E1,225.0,225.0,E1,domain II,,D
A,775,775,226,E1,226.0,226.0,E1,domain II,wrapped,D
G,776,776,227,E1,227.0,227.0,E1,domain II,wrapped,D
T,777,777,228,E1,228.0,228.0,E1,domain II,,D
V,778,778,229,E1,229.0,229.0,E1,domain II,,D
H,779,779,230,E1,230.0,230.0,E1,domain II,,D
V,780,780,231,E1,231.0,231.0,E1,domain II,,D
P,781,781,232,E1,232.0,232.0,E1,domain II,,D
Y,782,782,233,E1,233.0,233.0,E1,domain II,,D
S,783,783,234,E1,234.0,234.0,E1,domain II,,D
Q,784,784,235,E1,235.0,235.0,E1,domain II,,D
A,785,785,236,E1,236.0,236.0,E1,domain II,,D
P,786,786,237,E1,237.0,237.0,E1,domain II,,D
S,787,787,238,E1,238.0,238.0,E1,domain II,,D
G,788,788,239,E1,239.0,239.0,E1,domain II,,D
F,789,789,240,E1,240.0,240.0,E1,domain II,,D
K,790,790,241,E1,241.0,241.0,E1,domain II,,D
Y,791,791,242,E1,242.0,242.0,E1,domain II,,D
W,792,792,243,E1,243.0,243.0,E1,domain II,,D
L,793,793,244,E1,244.0,244.0,E1,domain II,,D
K,794,794,245,E1,245.0,245.0,E1,domain II,,D
E,795,795,246,E1,246.0,246.0,E1,domain II,,D
R,796,796,247,E1,247.0,247.0,E1,domain II,,D
G,797,797,248,E1,248.0,248.0,E1,domain II,,D
A,798,798,249,E1,249.0,249.0,E1,domain II,,D
S,799,799,250,E1,250.0,250.0,E1,domain II,,D
L,800,800,251,E1,251.0,251.0,E1,domain II,,D
Q,801,801,252,E1,252.0,252.0,E1,domain II,,D
H,802,802,253,E1,253.0,253.0,E1,domain II,,D
T,803,803,254,E1,254.0,254.0,E1,domain II,,D
A,804,804,255,E1,255.0,255.0,E1,domain II,,D
P,805,805,256,E1,256.0,256.0,E1,domain II,,D
F,806,806,257,E1,257.0,257.0,E1,domain II,,D
G,807,807,258,E1,258.0,258.0,E1,domain II,,D
C,808,808,259,E1,259.0,259.0,E1,domain II,,D
Q,809,809,260,E1,260.0,260.0,E1,domain II,,D
I,810,810,261,E1,261.0,261.0,E1,domain II,,D
A,811,811,262,E1,262.0,262.0,E1,domain II,,D
T,812,812,263,E1,263.0,263.0,E1,domain II,intraspike,D
N,813,813,264,E1,264.0,264.0,E1,domain II,intraspike,D
P,814,814,265,E1,265.0,265.0,E1,domain II,intraspike,D
V,815,815,266,E1,266.0,266.0,E1,domain II,,D
R,816,816,267,E1,267.0,267.0,E1,domain II,intraspike,D
A,817,817,268,E1,268.0,268.0,E1,domain II,,D
M,818,818,269,E1,269.0,269.0,E1,domain II,,D
N,819,819,270,E1,270.0,270.0,E1,domain II,,D
C,820,820,271,E1,271.0,271.0,E1,domain II,,D
A,821,821,272,E1,272.0,272.0,E1,domain I,,D
V,822,822,273,E1,273.0,273.0,E1,domain I,,D
G,823,823,274,E1,274.0,274.0,E1,domain I,,D
N,824,824,275,E1,275.0,275.0,E1,domain I,,D
M,825,825,276,E1,276.0,276.0,E1,domain I,,D
P,826,826,277,E1,277.0,277.0,E1,domain I,,D
I,827,827,278,E1,278.0,278.0,E1,domain I,,D
S,828,828,279,E1,279.0,279.0,E1,domain I,,D
I,829,829,280,E1,280.0,280.0,E1,domain I,,D
D,830,830,281,E1,281.0,281.0,E1,domain I,,D
I,831,831,282,E1,282.0,282.0,E1,domain I,,D
P,832,832,283,E1,283.0,283.0,E1,domain I,,D
D,833,833,284,E1,284.0,284.0,E1,,,D
A,834,834,285,E1,285.0,285.0,E1,,,D
A,835,835,286,E1,286.0,286.0,E1,,,D
F,836,836,287,E1,287.0,287.0,E1,,,D
T,837,837,288,E1,288.0,288.0,E1,,,D
R,838,838,289,E1,289.0,289.0,E1,,,D
V,839,839,290,E1,290.0,290.0,E1,,,D
V,840,840,291,E1,291.0,291.0,E1,,,D
D,841,841,292,E1,292.0,292.0,E1,,,D
A,842,842,293,E1,293.0,293.0,E1,,,D
P,843,843,294,E1,294.0,294.0,E1,,,D
S,844,844,295,E1,295.0,295.0,E1,domain III,,D
L,845,845,296,E1,296.0,296.0,E1,domain III,,D
T,846,846,297,E1,297.0,297.0,E1,domain III,,D
D,847,847,298,E1,298.0,298.0,E1,domain III,,D
M,848,848,299,E1,299.0,299.0,E1,domain III,,D
S,849,849,300,E1,300.0,300.0,E1,domain III,,D
C,850,850,301,E1,301.0,301.0,E1,domain III,,D
E,851,851,302,E1,302.0,302.0,E1,domain III,,D
V,852,852,303,E1,303.0,303.0,E1,domain III,,D
P,853,853,304,E1,304.0,304.0,E1,domain III,,D
A,854,854,305,E1,305.0,305.0,E1,domain III,,D
C,855,855,306,E1,306.0,306.0,E1,domain III,,D
T,856,856,307,E1,307.0,307.0,E1,domain III,,D
H,857,857,308,E1,308.0,308.0,E1,domain III,,D
S,858,858,309,E1,309.0,309.0,E1,domain III,,D
S,859,859,310,E1,310.0,310.0,E1,domain III,,D
D,860,860,311,E1,311.0,311.0,E1,domain III,,D
F,861,861,312,E1,312.0,312.0,E1,domain III,,D
G,862,862,313,E1,313.0,313.0,E1,domain III,,D
G,863,863,314,E1,314.0,314.0,E1,domain III,,D
V,864,864,315,E1,315.0,315.0,E1,domain III,,D
A,865,865,316,E1,316.0,316.0,E1,domain III,,D
I,866,866,317,E1,317.0,317.0,E1,domain III,,D
I,867,867,318,E1,318.0,318.0,E1,domain III,,D
K,868,868,319,E1,319.0,319.0,E1,domain III,,D
Y,869,869,320,E1,320.0,320.0,E1,domain III,,D
A,870,870,321,E1,321.0,321.0,E1,domain III,,D
A,871,871,322,E1,322.0,322.0,E1,domain III,,D
S,872,872,323,E1,323.0,323.0,E1,domain III,,D
K,873,873,324,E1,324.0,324.0,E1,domain III,,D
K,874,874,325,E1,325.0,325.0,E1,domain III,,D
G,875,875,326,E1,326.0,326.0,E1,domain III,,D
K,876,876,327,E1,327.0,327.0,E1,domain III,,D
C,877,877,328,E1,328.0,328.0,E1,domain III,,D
A,878,878,329,E1,329.0,329.0,E1,domain III,,D
V,879,879,330,E1,330.0,330.0,E1,domain III,,D
H,880,880,331,E1,331.0,331.0,E1,domain III,,D
S,881,881,332,E1,332.0,332.0,E1,domain III,,D
M,882,882,333,E1,333.0,333.0,E1,domain III,,D
T,883,883,334,E1,334.0,334.0,E1,domain III,,D
N,884,884,335,E1,335.0,335.0,E1,domain III,,D
A,885,885,336,E1,336.0,336.0,E1,domain III,,D
V,886,886,337,E1,337.0,337.0,E1,domain III,,D
T,887,887,338,E1,338.0,338.0,E1,domain III,,D
I,888,888,339,E1,339.0,339.0,E1,domain III,,D
R,889,889,340,E1,340.0,340.0,E1,domain III,,D
E,890,890,341,E1,341.0,341.0,E1,domain III,,D
A,891,891,342,E1,342.0,342.0,E1,domain III,,D
E,892,892,343,E1,343.0,343.0,E1,domain III,,D
I,893,893,344,E1,344.0,344.0,E1,domain III,,D
E,894,894,345,E1,345.0,345.0,E1,domain III,,D
V,895,895,346,E1,346.0,346.0,E1,domain III,,D
E,896,896,347,E1,347.0,347.0,E1,domain III,,D
G,897,897,348,E1,348.0,348.0,E1,domain III,,D
N,898,898,349,E1,349.0,349.0,E1,domain III,,D
S,899,899,350,E1,350.0,350.0,E1,domain III,,D
Q,900,900,351,E1,351.0,351.0,E1,domain III,,D
L,901,901,352,E1,352.0,352.0,E1,domain III,,D
Q,902,902,353,E1,353.0,353.0,E1,domain III,,D
I,903,903,354,E1,354.0,354.0,E1,domain III,,D
S,904,904,355,E1,355.0,355.0,E1,domain III,,D
F,905,905,356,E1,356.0,356.0,E1,domain III,,D
S,906,906,357,E1,357.0,357.0,E1,domain III,,D
T,907,907,358,E1,358.0,358.0,E1,domain III,,D
A,908,908,359,E1,359.0,359.0,E1,domain III,,D
L,909,909,360,E1,360.0,360.0,E1,domain III,,D
A,910,910,361,E1,361.0,361.0,E1,domain III,,D
S,911,911,362,E1,362.0,362.0,E1,domain III,,D
A,912,912,363,E1,363.0,363.0,E1,domain III,,D
E,913,913,364,E1,364.0,364.0,E1,domain III,,D
F,914,914,365,E1,365.0,365.0,E1,domain III,,D
R,915,915,366,E1,366.0,366.0,E1,domain III,,D
V,916,916,367,E1,367.0,367.0,E1,domain III,,D
Q,917,917,368,E1,368.0,368.0,E1,domain III,,D
V,918,918,369,E1,369.0,369.0,E1,domain III,,D
C,919,919,370,E1,370.0,370.0,E1,domain III,,D
S,920,920,371,E1,371.0,371.0,E1,domain III,,D
T,921,921,372,E1,372.0,372.0,E1,domain III,,D
Q,922,922,373,E1,373.0,373.0,E1,domain III,,D
V,923,923,374,E1,374.0,374.0,E1,domain III,,D
H,924,924,375,E1,375.0,375.0,E1,domain III,,D
C,925,925,376,E1,376.0,376.0,E1,domain III,,D
A,926,926,377,E1,377.0,377.0,E1,domain III,,D
A,927,927,378,E1,378.0,378.0,E1,domain III,,D
E,928,928,379,E1,379.0,379.0,E1,domain III,,D
C,929,929,380,E1,380.0,380.0,E1,domain III,,D
H,930,930,381,E1,381.0,381.0,E1,domain III,,D
P,931,931,382,E1,382.0,382.0,E1,stem,,D
P,932,932,383,E1,383.0,383.0,E1,stem,,D
K,933,933,384,E1,384.0,384.0,E1,stem,,D
D,934,934,385,E1,385.0,385.0,E1,stem,,D
H,935,935,386,E1,386.0,386.0,E1,stem,,D
I,936,936,387,E1,387.0,387.0,E1,stem,,D
V,937,937,388,E1,388.0,388.0,E1,stem,,D
N,938,938,389,E1,389.0,389.0,E1,stem,,D
Y,939,939,390,E1,390.0,390.0,E1,stem,,D
P,940,940,391,E1,391.0,391.0,E1,stem,,D
A,941,941,392,E1,392.0,392.0,E1,stem,,D
S,942,942,393,E1,393.0,393.0,E1,stem,,D
H,943,943,394,E1,394.0,394.0,E1,stem,,D
T,944,944,395,E1,395.0,395.0,E1,stem,,D
T,945,945,396,E1,396.0,396.0,E1,stem,,D
L,946,946,397,E1,397.0,397.0,E1,stem,,D
G,947,947,398,E1,398.0,398.0,E1,stem,,D
V,948,948,399,E1,399.0,399.0,E1,stem,,D
Q,949,949,400,E1,400.0,400.0,E1,stem,,D
D,950,950,401,E1,401.0,401.0,E1,stem,,D
I,951,951,402,E1,402.0,402.0,E1,stem,,D
S,952,952,403,E1,403.0,403.0,E1,stem,,D
V,953,953,404,E1,404.0,404.0,E1,stem,,D
T,954,954,405,E1,405.0,405.0,E1,stem,,D
A,955,955,406,E1,406.0,406.0,E1,stem,,D
M,956,956,407,E1,407.0,407.0,E1,stem,,D
S,957,957,408,E1,408.0,408.0,E1,stem,,D
W,958,958,409,E1,409.0,409.0,E1,stem,,D
V,959,959,410,E1,410.0,410.0,E1,stem,,D
Q,960,960,411,E1,411.0,411.0,E1,stem,,D
K,961,961,412,E1,412.0,412.0,E1,stem,,D
I,962,962,413,E1,413.0,413.0,E1,transmembrane,,D
T,963,963,414,E1,414.0,414.0,E1,transmembrane,,D
G,964,964,415,E1,415.0,415.0,E1,transmembrane,,D
G,965,965,416,E1,416.0,416.0,E1,transmembrane,,D
V,966,966,417,E1,417.0,417.0,E1,transmembrane,,D
G,967,967,418,E1,418.0,418.0,E1,transmembrane,,D
L,968,968,419,E1,419.0,419.0,E1,transmembrane,,D
V,969,969,420,E1,420.0,420.0,E1,transmembrane,,D
V,970,970,421,E1,421.0,421.0,E1,transmembrane,,D
A,971,971,422,E1,422.0,422.0,E1,transmembrane,,D
V,972,972,423,E1,423.0,423.0,E1,transmembrane,,D
A,973,973,424,E1,424.0,424.0,E1,transmembrane,,D
A,974,974,425,E1,425.0,425.0,E1,transmembrane,,D
L,975,975,426,E1,426.0,426.0,E1,transmembrane,,D
I,976,976,427,E1,427.0,427.0,E1,transmembrane,,D
L,977,977,428,E1,428.0,428.0,E1,transmembrane,,D
I,978,978,429,E1,429.0,429.0,E1,transmembrane,,D
V,979,979,430,E1,430.0,430.0,E1,transmembrane,,D
V,980,980,431,E1,431.0,431.0,E1,transmembrane,,D
L,981,981,432,E1,432.0,432.0,E1,transmembrane,,D
C,982,982,433,E1,433.0,433.0,E1,transmembrane,,D
V,983,983,434,E1,434.0,434.0,E1,transmembrane,,D
S,984,984,435,E1,435.0,435.0,E1,transmembrane,,D
F,985,985,436,E1,436.0,436.0,E1,transmembrane,,D
S,986,986,437,E1,437.0,437.0,E1,cytoplasmic,,D
R,987,987,438,E1,438.0,438.0,E1,cytoplasmic,,D
H,988,988,439,E1,439.0,439.0,E1,cytoplasmic,,D
*,989,989,440,E1,,,E1,,,D
