wildtype,sequential_site,reference_site,protein_site,region,immature_numbering,mature_numbering,region,domain,contacts
M,1,1,-100,E3,0,0,E3,,
S,2,2,-100,E3,1,1,E3,,
L,3,3,-100,E3,2,2,E3,,
A,4,4,-100,E3,3,3,E3,,
I,5,5,-100,E3,4,4,E3,,
P,6,6,-100,E3,5,5,E3,,
V,7,7,-100,E3,6,6,E3,,
M,8,8,-100,E3,7,7,E3,,
C,9,9,-100,E3,8,8,E3,,
L,10,10,-100,E3,9,9,E3,,
L,11,11,-100,E3,10,10,E3,,
A,12,12,-100,E3,11,11,E3,,
N,13,13,-100,E3,12,12,E3,,
T,14,14,-100,E3,13,13,E3,,
T,15,15,-100,E3,14,14,E3,,
F,16,16,-100,E3,15,15,E3,,
P,17,17,-100,E3,16,16,E3,,
C,18,18,-100,E3,17,17,E3,,
S,19,19,-100,E3,18,18,E3,,
Q,20,20,-100,E3,19,19,E3,,
P,21,21,-100,E3,20,20,E3,,
P,22,22,-100,E3,21,21,E3,,
C,23,23,-100,E3,22,22,E3,,
T,24,24,-100,E3,23,23,E3,,
P,25,25,-100,E3,24,24,E3,,
C,26,26,-100,E3,25,25,E3,,
C,27,27,-100,E3,26,26,E3,,
Y,28,28,-100,E3,27,27,E3,,
E,29,29,-100,E3,28,28,E3,,
K,30,30,-100,E3,29,29,E3,,
E,31,31,-100,E3,30,30,E3,,
P,32,32,-100,E3,31,31,E3,,
E,33,33,-100,E3,32,32,E3,,
K,34,34,-100,E3,33,33,E3,,
T,35,35,-100,E3,34,34,E3,,
L,36,36,-100,E3,35,35,E3,,
R,37,37,-100,E3,36,36,E3,,
M,38,38,-100,E3,37,37,E3,,
L,39,39,-100,E3,38,38,E3,,
E,40,40,-100,E3,39,39,E3,,
D,41,41,-100,E3,40,40,E3,,
N,42,42,-100,E3,41,41,E3,,
V,43,43,-100,E3,42,42,E3,,
M,44,44,-100,E3,43,43,E3,,
S,45,45,-100,E3,44,44,E3,,
P,46,46,-100,E3,45,45,E3,,
G,47,47,-100,E3,46,46,E3,,
Y,48,48,-100,E3,47,47,E3,,
Y,49,49,-100,E3,48,48,E3,,
Q,50,50,-100,E3,49,49,E3,,
L,51,51,-100,E3,50,50,E3,,
L,52,52,-100,E3,51,51,E3,,
Q,53,53,-100,E3,52,52,E3,,
A,54,54,-100,E3,53,53,E3,,
S,55,55,-100,E3,54,54,E3,,
L,56,56,-100,E3,55,55,E3,,
T,57,57,-100,E3,56,56,E3,,
C,58,58,-100,E3,57,57,E3,,
S,59,59,-100,E3,58,58,E3,furin loop,
P,60,60,-100,E3,59,59,E3,furin loop,
R,61,61,-100,E3,60,60,E3,furin loop,
R,62,62,-100,E3,61,61,E3,furin loop,
Q,63,63,-100,E3,62,62,E3,furin loop,
R,64,64,-100,E3,63,63,E3,furin loop,
R,65,65,-100,E3,64,64,E3,furin loop,
S,66,66,1,E2,65,1,E2,n-linker,
I,67,67,2,E2,66,2,E2,n-linker,
K,68,68,3,E2,67,3,E2,n-linker,
D,69,69,4,E2,68,4,E2,n-linker,
N,70,70,5,E2,69,5,E2,n-linker,intraspike
F,71,71,6,E2,70,6,E2,n-linker,intraspike
N,72,72,7,E2,71,7,E2,n-linker,
V,73,73,8,E2,72,8,E2,n-linker,
Y,74,74,9,E2,73,9,E2,n-linker,
K,75,75,10,E2,74,10,E2,n-linker,
A,76,76,11,E2,75,11,E2,n-linker,
I,77,77,12,E2,76,12,E2,n-linker,
R,78,78,13,E2,77,13,E2,n-linker,
P,79,79,14,E2,78,14,E2,n-linker,
Y,80,80,15,E2,79,15,E2,n-linker,
L,81,81,16,E2,80,16,E2,domain a,
A,82,82,17,E2,81,17,E2,domain a,
H,83,83,18,E2,82,18,E2,domain a,wrapped
C,84,84,19,E2,83,19,E2,domain a,
P,85,85,20,E2,84,20,E2,domain a,
D,86,86,21,E2,85,21,E2,domain a,
C,87,87,22,E2,86,22,E2,domain a,
G,88,88,23,E2,87,23,E2,domain a,
E,89,89,24,E2,88,24,E2,domain a,
G,90,90,25,E2,89,25,E2,domain a,
H,91,91,26,E2,90,26,E2,domain a,wrapped
S,92,92,27,E2,91,27,E2,domain a,wrapped
C,93,93,28,E2,92,28,E2,domain a,wrapped
H,94,94,29,E2,93,29,E2,domain a,wrapped
S,95,95,30,E2,94,30,E2,domain a,
P,96,96,31,E2,95,31,E2,domain a,
V,97,97,32,E2,96,32,E2,domain a,
A,98,98,33,E2,97,33,E2,domain a,
L,99,99,34,E2,98,34,E2,domain a,
E,100,100,35,E2,99,35,E2,domain a,
R,101,101,36,E2,100,36,E2,domain a,
I,102,102,37,E2,101,37,E2,domain a,
R,103,103,38,E2,102,38,E2,domain a,
N,104,104,39,E2,103,39,E2,domain a,
E,105,105,40,E2,104,40,E2,domain a,
A,106,106,41,E2,105,41,E2,domain a,
T,107,107,42,E2,106,42,E2,domain a,
D,108,108,43,E2,107,43,E2,domain a,
G,109,109,44,E2,108,44,E2,domain a,
T,110,110,45,E2,109,45,E2,domain a,
L,111,111,46,E2,110,46,E2,domain a,
K,112,112,47,E2,111,47,E2,domain a,
I,113,113,48,E2,112,48,E2,domain a,
Q,114,114,49,E2,113,49,E2,domain a,
V,115,115,50,E2,114,50,E2,domain a,
S,116,116,51,E2,115,51,E2,domain a,
L,117,117,52,E2,116,52,E2,domain a,
Q,118,118,53,E2,117,53,E2,domain a,
I,119,119,54,E2,118,54,E2,domain a,
G,120,120,55,E2,119,55,E2,domain a,
I,121,121,56,E2,120,56,E2,domain a,
K,122,122,57,E2,121,57,E2,domain a,
T,123,123,58,E2,122,58,E2,domain a,
D,124,124,59,E2,123,59,E2,domain a,
D,125,125,60,E2,124,60,E2,domain a,
S,126,126,61,E2,125,61,E2,domain a,
H,127,127,62,E2,126,62,E2,domain a,intraspike
D,128,128,63,E2,127,63,E2,domain a,
W,129,129,64,E2,128,64,E2,domain a,intraspike
T,130,130,65,E2,129,65,E2,domain a,
K,131,131,66,E2,130,66,E2,domain a,
L,132,132,67,E2,131,67,E2,domain a,
R,133,133,68,E2,132,68,E2,domain a,
Y,134,134,69,E2,133,69,E2,domain a,
M,135,135,70,E2,134,70,E2,domain a,
D,136,136,71,E2,135,71,E2,domain a,wrapped
N,137,137,72,E2,136,72,E2,domain a,wrapped
H,138,138,73,E2,137,73,E2,domain a,
M,139,139,74,E2,138,74,E2,domain a,wrapped
P,140,140,75,E2,139,75,E2,domain a,wrapped
A,141,141,76,E2,140,76,E2,domain a,wrapped
D,142,142,77,E2,141,77,E2,domain a,
A,143,143,78,E2,142,78,E2,domain a,
E,144,144,79,E2,143,79,E2,domain a,
R,145,145,80,E2,144,80,E2,domain a,
A,146,146,81,E2,145,81,E2,domain a,
R,147,147,82,E2,146,82,E2,domain a,
L,148,148,83,E2,147,83,E2,domain a,
F,149,149,84,E2,148,84,E2,domain a,
V,150,150,85,E2,149,85,E2,domain a,
R,151,151,86,E2,150,86,E2,domain a,
T,152,152,87,E2,151,87,E2,domain a,
S,153,153,88,E2,152,88,E2,domain a,
A,154,154,89,E2,153,89,E2,domain a,
P,155,155,90,E2,154,90,E2,domain a,
C,156,156,91,E2,155,91,E2,domain a,
T,157,157,92,E2,156,92,E2,domain a,
I,158,158,93,E2,157,93,E2,domain a,
T,159,159,94,E2,158,94,E2,domain a,
G,160,160,95,E2,159,95,E2,domain a,
T,161,161,96,E2,160,96,E2,domain a,
M,162,162,97,E2,161,97,E2,domain a,
G,163,163,98,E2,162,98,E2,domain a,
H,164,164,99,E2,163,99,E2,domain a,
F,165,165,100,E2,164,100,E2,domain a,
I,166,166,101,E2,165,101,E2,domain a,
L,167,167,102,E2,166,102,E2,domain a,
A,168,168,103,E2,167,103,E2,domain a,
R,169,169,104,E2,168,104,E2,domain a,
C,170,170,105,E2,169,105,E2,domain a,
P,171,171,106,E2,170,106,E2,domain a,
K,172,172,107,E2,171,107,E2,domain a,
G,173,173,108,E2,172,108,E2,domain a,
E,174,174,109,E2,173,109,E2,domain a,
T,175,175,110,E2,174,110,E2,domain a,
L,176,176,111,E2,175,111,E2,domain a,
T,177,177,112,E2,176,112,E2,domain a,
V,178,178,113,E2,177,113,E2,domain a,
G,179,179,114,E2,178,114,E2,domain a,
F,180,180,115,E2,179,115,E2,domain a,
T,181,181,116,E2,180,116,E2,domain a,
D,182,182,117,E2,181,117,E2,domain a,
G,183,183,118,E2,182,118,E2,domain a,
R,184,184,119,E2,183,119,E2,domain a,wrapped
K,185,185,120,E2,184,120,E2,domain a,wrapped
I,186,186,121,E2,185,121,E2,domain a,wrapped
S,187,187,122,E2,186,122,E2,domain a,
H,188,188,123,E2,187,123,E2,domain a,wrapped
S,189,189,124,E2,188,124,E2,domain a,
C,190,190,125,E2,189,125,E2,domain a,
T,191,191,126,E2,190,126,E2,domain a,
H,192,192,127,E2,191,127,E2,domain a,
P,193,193,128,E2,192,128,E2,domain a,
F,194,194,129,E2,193,129,E2,domain a,
H,195,195,130,E2,194,130,E2,domain a,
H,196,196,131,E2,195,131,E2,domain a,
D,197,197,132,E2,196,132,E2,domain a,
P,198,198,133,E2,197,133,E2,domain a,
P,199,199,134,E2,198,134,E2,domain a,
V,200,200,135,E2,199,135,E2,arch,
I,201,201,136,E2,200,136,E2,arch,
G,202,202,137,E2,201,137,E2,arch,
R,203,203,138,E2,202,138,E2,arch,
E,204,204,139,E2,203,139,E2,arch,
K,205,205,140,E2,204,140,E2,arch,
F,206,206,141,E2,205,141,E2,arch,
H,207,207,142,E2,206,142,E2,arch,
S,208,208,143,E2,207,143,E2,arch,
R,209,209,144,E2,208,144,E2,arch,intraspike
P,210,210,145,E2,209,145,E2,arch,
Q,211,211,146,E2,210,146,E2,arch,
H,212,212,147,E2,211,147,E2,arch,
G,213,213,148,E2,212,148,E2,arch,
R,214,214,149,E2,213,149,E2,arch,
E,215,215,150,E2,214,150,E2,arch,intraspike
L,216,216,151,E2,215,151,E2,arch,
P,217,217,152,E2,216,152,E2,arch,
C,218,218,153,E2,217,153,E2,arch,
S,219,219,154,E2,218,154,E2,arch,
T,220,220,155,E2,219,155,E2,arch,
Y,221,221,156,E2,220,156,E2,arch,
A,222,222,157,E2,221,157,E2,arch,intraspike
Q,223,223,158,E2,222,158,E2,arch,intraspike
S,224,224,159,E2,223,159,E2,arch,intraspike
T,225,225,160,E2,224,160,E2,arch,intraspike
A,226,226,161,E2,225,161,E2,arch,
A,227,227,162,E2,226,162,E2,arch,
T,228,228,163,E2,227,163,E2,arch,
A,229,229,164,E2,228,164,E2,arch,
E,230,230,165,E2,229,165,E2,arch,
E,231,231,166,E2,230,166,E2,arch,
I,232,232,167,E2,231,167,E2,arch,
E,233,233,168,E2,232,168,E2,arch,
V,234,234,169,E2,233,169,E2,arch,
H,235,235,170,E2,234,170,E2,arch,
M,236,236,171,E2,235,171,E2,arch,
P,237,237,172,E2,236,172,E2,arch,
P,238,238,173,E2,237,173,E2,domain b,
D,239,239,174,E2,238,174,E2,domain b,
T,240,240,175,E2,239,175,E2,domain b,
P,241,241,176,E2,240,176,E2,domain b,
D,242,242,177,E2,241,177,E2,domain b,
R,243,243,178,E2,242,178,E2,domain b,wrapped
T,244,244,179,E2,243,179,E2,domain b,wrapped
L,245,245,180,E2,244,180,E2,domain b,wrapped
M,246,246,181,E2,245,181,E2,domain b,wrapped
S,247,247,182,E2,246,182,E2,domain b,wrapped
Q,248,248,183,E2,247,183,E2,domain b,
Q,249,249,184,E2,248,184,E2,domain b,
S,250,250,185,E2,249,185,E2,domain b,
G,251,251,186,E2,250,186,E2,domain b,
N,252,252,187,E2,251,187,E2,domain b,
V,253,253,188,E2,252,188,E2,domain b,
K,254,254,189,E2,253,189,E2,domain b,wrapped
I,255,255,190,E2,254,190,E2,domain b,
T,256,256,191,E2,255,191,E2,domain b,wrapped
V,257,257,192,E2,256,192,E2,domain b,
N,258,258,193,E2,257,193,E2,domain b,wrapped
S,259,259,194,E2,258,194,E2,domain b,
Q,260,260,195,E2,259,195,E2,domain b,
T,261,261,196,E2,260,196,E2,domain b,
V,262,262,197,E2,261,197,E2,domain b,
R,263,263,198,E2,262,198,E2,domain b,
Y,264,264,199,E2,263,199,E2,domain b,
K,265,265,200,E2,264,200,E2,domain b,
C,266,266,201,E2,265,201,E2,domain b,
N,267,267,202,E2,266,202,E2,domain b,
C,268,268,203,E2,267,203,E2,domain b,
G,269,269,204,E2,268,204,E2,domain b,
D,270,270,205,E2,269,205,E2,domain b,
S,271,271,206,E2,270,206,E2,domain b,
N,272,272,207,E2,271,207,E2,domain b,
E,273,273,208,E2,272,208,E2,domain b,
G,274,274,209,E2,273,209,E2,domain b,
L,275,275,210,E2,274,210,E2,domain b,
T,276,276,211,E2,275,211,E2,domain b,
T,277,277,212,E2,276,212,E2,domain b,wrapped
T,278,278,213,E2,277,213,E2,domain b,wrapped
D,279,279,214,E2,278,214,E2,domain b,wrapped
K,280,280,215,E2,279,215,E2,domain b,
V,281,281,216,E2,280,216,E2,domain b,
I,282,282,217,E2,281,217,E2,domain b,
N,283,283,218,E2,282,218,E2,domain b,
N,284,284,219,E2,283,219,E2,domain b,
C,285,285,220,E2,284,220,E2,domain b,
K,286,286,221,E2,285,221,E2,domain b,wrapped
V,287,287,222,E2,286,222,E2,domain b,wrapped
D,288,288,223,E2,287,223,E2,domain b,wrapped
Q,289,289,224,E2,288,224,E2,domain b,
C,290,290,225,E2,289,225,E2,domain b,
H,291,291,226,E2,290,226,E2,domain b,
A,292,292,227,E2,291,227,E2,domain b,
A,293,293,228,E2,292,228,E2,domain b,
V,294,294,229,E2,293,229,E2,domain b,
T,295,295,230,E2,294,230,E2,domain b,
N,296,296,231,E2,295,231,E2,arch,
H,297,297,232,E2,296,232,E2,arch,
K,298,298,233,E2,297,233,E2,arch,
K,299,299,234,E2,298,234,E2,arch,
W,300,300,235,E2,299,235,E2,arch,
Q,301,301,236,E2,300,236,E2,arch,
Y,302,302,237,E2,301,237,E2,arch,
N,303,303,238,E2,302,238,E2,arch,
S,304,304,239,E2,303,239,E2,arch,
P,305,305,240,E2,304,240,E2,arch,
L,306,306,241,E2,305,241,E2,arch,
V,307,307,242,E2,306,242,E2,arch,
P,308,308,243,E2,307,243,E2,arch,
R,309,309,244,E2,308,244,E2,arch,
N,310,310,245,E2,309,245,E2,arch,
A,311,311,246,E2,310,246,E2,arch,
E,312,312,247,E2,311,247,E2,arch,
L,313,313,248,E2,312,248,E2,arch,
G,314,314,249,E2,313,249,E2,arch,
D,315,315,250,E2,314,250,E2,arch,
R,316,316,251,E2,315,251,E2,arch,
K,317,317,252,E2,316,252,E2,arch,
G,318,318,253,E2,317,253,E2,arch,
K,319,319,254,E2,318,254,E2,arch,
V,320,320,255,E2,319,255,E2,arch,
H,321,321,256,E2,320,256,E2,arch,
I,322,322,257,E2,321,257,E2,arch,
P,323,323,258,E2,322,258,E2,arch,
F,324,324,259,E2,323,259,E2,arch,
P,325,325,260,E2,324,260,E2,arch,
L,326,326,261,E2,325,261,E2,arch,
A,327,327,262,E2,326,262,E2,arch,
N,328,328,263,E2,327,263,E2,arch,intraspike
V,329,329,264,E2,328,264,E2,arch,intraspike
T,330,330,265,E2,329,265,E2,arch,intraspike
C,331,331,266,E2,330,266,E2,arch,
R,332,332,267,E2,331,267,E2,arch,intraspike
V,333,333,268,E2,332,268,E2,arch,
P,334,334,269,E2,333,269,E2,arch,
K,335,335,270,E2,334,270,E2,arch,
A,336,336,271,E2,335,271,E2,domain c,
R,337,337,272,E2,336,272,E2,domain c,
N,338,338,273,E2,337,273,E2,domain c,
P,339,339,274,E2,338,274,E2,domain c,
T,340,340,275,E2,339,275,E2,domain c,
V,341,341,276,E2,340,276,E2,domain c,
T,342,342,277,E2,341,277,E2,domain c,
Y,343,343,278,E2,342,278,E2,domain c,
G,344,344,279,E2,343,279,E2,domain c,
K,345,345,280,E2,344,280,E2,domain c,
N,346,346,281,E2,345,281,E2,domain c,
Q,347,347,282,E2,346,282,E2,domain c,
V,348,348,283,E2,347,283,E2,domain c,
I,349,349,284,E2,348,284,E2,domain c,
M,350,350,285,E2,349,285,E2,domain c,
L,351,351,286,E2,350,286,E2,domain c,
L,352,352,287,E2,351,287,E2,domain c,
Y,353,353,288,E2,352,288,E2,domain c,
P,354,354,289,E2,353,289,E2,domain c,
D,355,355,290,E2,354,290,E2,domain c,
H,356,356,291,E2,355,291,E2,domain c,
P,357,357,292,E2,356,292,E2,domain c,
T,358,358,293,E2,357,293,E2,domain c,
L,359,359,294,E2,358,294,E2,domain c,
L,360,360,295,E2,359,295,E2,domain c,
S,361,361,296,E2,360,296,E2,domain c,
Y,362,362,297,E2,361,297,E2,domain c,
R,363,363,298,E2,362,298,E2,domain c,
N,364,364,299,E2,363,299,E2,domain c,
M,365,365,300,E2,364,300,E2,domain c,
G,366,366,301,E2,365,301,E2,domain c,
E,367,367,302,E2,366,302,E2,domain c,
E,368,368,303,E2,367,303,E2,domain c,
P,369,369,304,E2,368,304,E2,domain c,
N,370,370,305,E2,369,305,E2,domain c,
Y,371,371,306,E2,370,306,E2,domain c,
Q,372,372,307,E2,371,307,E2,domain c,
E,373,373,308,E2,372,308,E2,domain c,
E,374,374,309,E2,373,309,E2,domain c,
W,375,375,310,E2,374,310,E2,domain c,
V,376,376,311,E2,375,311,E2,domain c,
T,377,377,312,E2,376,312,E2,domain c,
H,378,378,313,E2,377,313,E2,domain c,
K,379,379,314,E2,378,314,E2,domain c,
K,380,380,315,E2,379,315,E2,domain c,
E,381,381,316,E2,380,316,E2,domain c,
I,382,382,317,E2,381,317,E2,domain c,
R,383,383,318,E2,382,318,E2,domain c,
L,384,384,319,E2,383,319,E2,domain c,
T,385,385,320,E2,384,320,E2,domain c,
V,386,386,321,E2,385,321,E2,domain c,
P,387,387,322,E2,386,322,E2,domain c,
T,388,388,323,E2,387,323,E2,domain c,
E,389,389,324,E2,388,324,E2,domain c,
G,390,390,325,E2,389,325,E2,domain c,
L,391,391,326,E2,390,326,E2,domain c,
E,392,392,327,E2,391,327,E2,domain c,
V,393,393,328,E2,392,328,E2,domain c,
T,394,394,329,E2,393,329,E2,domain c,
W,395,395,330,E2,394,330,E2,domain c,
G,396,396,331,E2,395,331,E2,domain c,
N,397,397,332,E2,396,332,E2,domain c,
N,398,398,333,E2,397,333,E2,domain c,
E,399,399,334,E2,398,334,E2,domain c,
P,400,400,335,E2,399,335,E2,domain c,
Y,401,401,336,E2,400,336,E2,domain c,
K,402,402,337,E2,401,337,E2,domain c,
Y,403,403,338,E2,402,338,E2,domain c,
W,404,404,339,E2,403,339,E2,domain c,
P,405,405,340,E2,404,340,E2,domain c,
Q,406,406,341,E2,405,341,E2,domain c,
L,407,407,342,E2,406,342,E2,stem,
S,408,408,343,E2,407,343,E2,stem,
T,409,409,344,E2,408,344,E2,stem,
N,410,410,345,E2,409,345,E2,stem,
G,411,411,346,E2,410,346,E2,stem,
T,412,412,347,E2,411,347,E2,stem,
A,413,413,348,E2,412,348,E2,stem,
H,414,414,349,E2,413,349,E2,stem,
G,415,415,350,E2,414,350,E2,stem,
H,416,416,351,E2,415,351,E2,stem,
P,417,417,352,E2,416,352,E2,stem,
H,418,418,353,E2,417,353,E2,stem,
E,419,419,354,E2,418,354,E2,stem,
I,420,420,355,E2,419,355,E2,stem,
I,421,421,356,E2,420,356,E2,stem,
L,422,422,357,E2,421,357,E2,stem,
Y,423,423,358,E2,422,358,E2,stem,
Y,424,424,359,E2,423,359,E2,stem,
Y,425,425,360,E2,424,360,E2,stem,
E,426,426,361,E2,425,361,E2,stem,
L,427,427,362,E2,426,362,E2,stem,
Y,428,428,363,E2,427,363,E2,transmembrane,
P,429,429,364,E2,428,364,E2,transmembrane,
T,430,430,365,E2,429,365,E2,transmembrane,
M,431,431,366,E2,430,366,E2,transmembrane,
T,432,432,367,E2,431,367,E2,transmembrane,
V,433,433,368,E2,432,368,E2,transmembrane,
V,434,434,369,E2,433,369,E2,transmembrane,
V,435,435,370,E2,434,370,E2,transmembrane,
V,436,436,371,E2,435,371,E2,transmembrane,
S,437,437,372,E2,436,372,E2,transmembrane,
V,438,438,373,E2,437,373,E2,transmembrane,
A,439,439,374,E2,438,374,E2,transmembrane,
S,440,440,375,E2,439,375,E2,transmembrane,
F,441,441,376,E2,440,376,E2,transmembrane,
V,442,442,377,E2,441,377,E2,transmembrane,
L,443,443,378,E2,442,378,E2,transmembrane,
L,444,444,379,E2,443,379,E2,transmembrane,
S,445,445,380,E2,444,380,E2,transmembrane,
M,446,446,381,E2,445,381,E2,transmembrane,
V,447,447,382,E2,446,382,E2,transmembrane,
G,448,448,383,E2,447,383,E2,transmembrane,
V,449,449,384,E2,448,384,E2,transmembrane,
A,450,450,385,E2,449,385,E2,transmembrane,
V,451,451,386,E2,450,386,E2,transmembrane,
G,452,452,387,E2,451,387,E2,transmembrane,
M,453,453,388,E2,452,388,E2,transmembrane,
C,454,454,389,E2,453,389,E2,transmembrane,
M,455,455,390,E2,454,390,E2,transmembrane,
C,456,456,391,E2,455,391,E2,transmembrane,
A,457,457,392,E2,456,392,E2,cytoplasmic,
R,458,458,393,E2,457,393,E2,cytoplasmic,
R,459,459,394,E2,458,394,E2,cytoplasmic,
R,460,460,395,E2,459,395,E2,cytoplasmic,
C,461,461,396,E2,460,396,E2,cytoplasmic,
I,462,462,397,E2,461,397,E2,cytoplasmic,
T,463,463,398,E2,462,398,E2,cytoplasmic,
P,464,464,399,E2,463,399,E2,cytoplasmic,
Y,465,465,400,E2,464,400,E2,cytoplasmic,
E,466,466,401,E2,465,401,E2,cytoplasmic,
L,467,467,402,E2,466,402,E2,cytoplasmic,
T,468,468,403,E2,467,403,E2,cytoplasmic,
P,469,469,404,E2,468,404,E2,cytoplasmic,
G,470,470,405,E2,469,405,E2,cytoplasmic,
A,471,471,406,E2,470,406,E2,cytoplasmic,
T,472,472,407,E2,471,407,E2,cytoplasmic,
V,473,473,408,E2,472,408,E2,cytoplasmic,
P,474,474,409,E2,473,409,E2,cytoplasmic,
F,475,475,410,E2,474,410,E2,cytoplasmic,
L,476,476,411,E2,475,411,E2,cytoplasmic,
L,477,477,412,E2,476,412,E2,cytoplasmic,
S,478,478,413,E2,477,413,E2,cytoplasmic,
L,479,479,414,E2,478,414,E2,cytoplasmic,
I,480,480,415,E2,479,415,E2,cytoplasmic,
C,481,481,416,E2,480,416,E2,cytoplasmic,
C,482,482,417,E2,481,417,E2,cytoplasmic,
I,483,483,418,E2,482,418,E2,cytoplasmic,
R,484,484,419,E2,483,419,E2,cytoplasmic,
T,485,485,420,E2,484,420,E2,cytoplasmic,
A,486,486,421,E2,485,421,E2,cytoplasmic,
K,487,487,422,E2,486,422,E2,cytoplasmic,
A,488,488,423,E2,487,423,E2,cytoplasmic,
A,489,489,-100,6K,,,6K,,
T,490,490,-100,6K,,,6K,,
Y,491,491,-100,6K,,,6K,,
Q,492,492,-100,6K,,,6K,,
E,493,493,-100,6K,,,6K,,
A,494,494,-100,6K,,,6K,,
A,495,495,-100,6K,,,6K,,
V,496,496,-100,6K,,,6K,,
Y,497,497,-100,6K,,,6K,,
L,498,498,-100,6K,,,6K,,
W,499,499,-100,6K,,,6K,,
N,500,500,-100,6K,,,6K,,
E,501,501,-100,6K,,,6K,,
Q,502,502,-100,6K,,,6K,,
Q,503,503,-100,6K,,,6K,,
P,504,504,-100,6K,,,6K,,
L,505,505,-100,6K,,,6K,,
F,506,506,-100,6K,,,6K,,
W,507,507,-100,6K,,,6K,,
L,508,508,-100,6K,,,6K,,
Q,509,509,-100,6K,,,6K,,
A,510,510,-100,6K,,,6K,,
L,511,511,-100,6K,,,6K,,
I,512,512,-100,6K,,,6K,,
P,513,513,-100,6K,,,6K,,
L,514,514,-100,6K,,,6K,,
A,515,515,-100,6K,,,6K,,
A,516,516,-100,6K,,,6K,,
L,517,517,-100,6K,,,6K,,
I,518,518,-100,6K,,,6K,,
V,519,519,-100,6K,,,6K,,
L,520,520,-100,6K,,,6K,,
C,521,521,-100,6K,,,6K,,
N,522,522,-100,6K,,,6K,,
C,523,523,-100,6K,,,6K,,
L,524,524,-100,6K,,,6K,,
R,525,525,-100,6K,,,6K,,
L,526,526,-100,6K,,,6K,,
L,527,527,-100,6K,,,6K,,
P,528,528,-100,6K,,,6K,,
C,529,529,-100,6K,,,6K,,
F,530,530,-100,6K,,,6K,,
C,531,531,-100,6K,,,6K,,
K,532,532,-100,6K,,,6K,,
T,533,533,-100,6K,,,6K,,
L,534,534,-100,6K,,,6K,,
T,535,535,-100,6K,,,6K,,
F,536,536,-100,6K,,,6K,,
L,537,537,-100,6K,,,6K,,
A,538,538,-100,6K,,,6K,,
V,539,539,-100,6K,,,6K,,
M,540,540,-100,6K,,,6K,,
S,541,541,-100,6K,,,6K,,
V,542,542,-100,6K,,,6K,,
G,543,543,-100,6K,,,6K,,
A,544,544,-100,6K,,,6K,,
H,545,545,-100,6K,,,6K,,
T,546,546,-100,6K,,,6K,,
V,547,547,-100,6K,,,6K,,
S,548,548,-100,6K,,,6K,,
A,549,549,-100,6K,,,6K,,
Y,550,550,1,E1,1,1,E1,domain I,
E,551,551,2,E1,2,2,E1,domain I,
H,552,552,3,E1,3,3,E1,domain I,
V,553,553,4,E1,4,4,E1,domain I,
T,554,554,5,E1,5,5,E1,domain I,
V,555,555,6,E1,6,6,E1,domain I,
I,556,556,7,E1,7,7,E1,domain I,
P,557,557,8,E1,8,8,E1,domain I,
N,558,558,9,E1,9,9,E1,domain I,
T,559,559,10,E1,10,10,E1,domain I,
V,560,560,11,E1,11,11,E1,domain I,
G,561,561,12,E1,12,12,E1,domain I,
V,562,562,13,E1,13,13,E1,domain I,
P,563,563,14,E1,14,14,E1,domain I,
Y,564,564,15,E1,15,15,E1,domain I,
K,565,565,16,E1,16,16,E1,domain I,
T,566,566,17,E1,17,17,E1,domain I,
L,567,567,18,E1,18,18,E1,domain I,
V,568,568,19,E1,19,19,E1,domain I,
N,569,569,20,E1,20,20,E1,domain I,
R,570,570,21,E1,21,21,E1,domain I,
P,571,571,22,E1,22,22,E1,domain I,
G,572,572,23,E1,23,23,E1,domain I,
Y,573,573,24,E1,24,24,E1,domain I,
S,574,574,25,E1,25,25,E1,domain I,
P,575,575,26,E1,26,26,E1,domain I,
M,576,576,27,E1,27,27,E1,domain I,
V,577,577,28,E1,28,28,E1,domain I,
L,578,578,29,E1,29,29,E1,domain I,
E,579,579,30,E1,30,30,E1,domain I,
M,580,580,31,E1,31,31,E1,domain I,
E,581,581,32,E1,32,32,E1,domain I,
L,582,582,33,E1,33,33,E1,domain I,
L,583,583,34,E1,34,34,E1,domain I,
S,584,584,35,E1,35,35,E1,domain I,
V,585,585,36,E1,36,36,E1,domain I,
T,586,586,37,E1,37,37,E1,domain I,intraspike
L,587,587,38,E1,38,38,E1,domain I,
E,588,588,39,E1,39,39,E1,domain I,
P,589,589,40,E1,40,40,E1,domain II,
T,590,590,41,E1,41,41,E1,domain II,
L,591,591,42,E1,42,42,E1,domain II,
S,592,592,43,E1,43,43,E1,domain II,
L,593,593,44,E1,44,44,E1,domain II,
D,594,594,45,E1,45,45,E1,domain II,
Y,595,595,46,E1,46,46,E1,domain II,
I,596,596,47,E1,47,47,E1,domain II,
T,597,597,48,E1,48,48,E1,domain II,
C,598,598,49,E1,49,49,E1,domain II,
E,599,599,50,E1,50,50,E1,domain II,
Y,600,600,51,E1,51,51,E1,domain II,
K,601,601,52,E1,52,52,E1,domain II,
T,602,602,53,E1,53,53,E1,domain II,
V,603,603,54,E1,54,54,E1,domain II,
I,604,604,55,E1,55,55,E1,domain II,
P,605,605,56,E1,56,56,E1,domain II,
S,606,606,57,E1,57,57,E1,domain II,
P,607,607,58,E1,58,58,E1,domain II,
Y,608,608,59,E1,59,59,E1,domain II,
V,609,609,60,E1,60,60,E1,domain II,
K,610,610,61,E1,61,61,E1,domain II,
C,611,611,62,E1,62,62,E1,domain II,
C,612,612,63,E1,63,63,E1,domain II,
G,613,613,64,E1,64,64,E1,domain II,
T,614,614,65,E1,65,65,E1,domain II,
A,615,615,66,E1,66,66,E1,domain II,
E,616,616,67,E1,67,67,E1,domain II,
C,617,617,68,E1,68,68,E1,domain II,
K,618,618,69,E1,69,69,E1,domain II,
D,619,619,70,E1,70,70,E1,domain II,
K,620,620,71,E1,71,71,E1,domain II,interspike
S,621,621,72,E1,72,72,E1,domain II,interspike
L,622,622,73,E1,73,73,E1,domain II,interspike
P,623,623,74,E1,74,74,E1,domain II,interspike
D,624,624,75,E1,75,75,E1,domain II,
Y,625,625,76,E1,76,76,E1,domain II,
S,626,626,77,E1,77,77,E1,domain II,
C,627,627,78,E1,78,78,E1,domain II,
K,628,628,79,E1,79,79,E1,domain II,
V,629,629,80,E1,80,80,E1,domain II,
F,630,630,81,E1,81,81,E1,domain II,
T,631,631,82,E1,82,82,E1,domain II,
G,632,632,83,E1,83,83,E1,domain II,wrapped
V,633,633,84,E1,84,84,E1,fusion loop,
Y,634,634,85,E1,85,85,E1,fusion loop,wrapped
P,635,635,86,E1,86,86,E1,fusion loop,
F,636,636,87,E1,87,87,E1,fusion loop,wrapped
M,637,637,88,E1,88,88,E1,fusion loop,wrapped
W,638,638,89,E1,89,89,E1,fusion loop,wrapped
G,639,639,90,E1,90,90,E1,fusion loop,wrapped
G,640,640,91,E1,91,91,E1,fusion loop,wrapped
A,641,641,92,E1,92,92,E1,fusion loop,
Y,642,642,93,E1,93,93,E1,fusion loop,
C,643,643,94,E1,94,94,E1,fusion loop,
F,644,644,95,E1,95,95,E1,fusion loop,
C,645,645,96,E1,96,96,E1,fusion loop,
D,646,646,97,E1,97,97,E1,fusion loop,
T,647,647,98,E1,98,98,E1,fusion loop,
E,648,648,99,E1,99,99,E1,fusion loop,
N,649,649,100,E1,100,100,E1,domain II,
T,650,650,101,E1,101,101,E1,domain II,
Q,651,651,102,E1,102,102,E1,domain II,
L,652,652,103,E1,103,103,E1,domain II,
S,653,653,104,E1,104,104,E1,domain II,
E,654,654,105,E1,105,105,E1,domain II,
A,655,655,106,E1,106,106,E1,domain II,
H,656,656,107,E1,107,107,E1,domain II,
V,657,657,108,E1,108,108,E1,domain II,
E,658,658,109,E1,109,109,E1,domain II,
K,659,659,110,E1,110,110,E1,domain II,
S,660,660,111,E1,111,111,E1,domain II,
E,661,661,112,E1,112,112,E1,domain II,interspike
S,662,662,113,E1,113,113,E1,domain II,
C,663,663,114,E1,114,114,E1,domain II,
K,664,664,115,E1,115,115,E1,domain II,interspike
T,665,665,116,E1,116,116,E1,domain II,
E,666,666,117,E1,117,117,E1,domain II,
F,667,667,118,E1,118,118,E1,domain II,
A,668,668,119,E1,119,119,E1,domain II,
S,669,669,120,E1,120,120,E1,domain II,
A,670,670,121,E1,121,121,E1,domain II,
Y,671,671,122,E1,122,122,E1,domain II,
R,672,672,123,E1,123,123,E1,domain II,
A,673,673,124,E1,124,124,E1,domain II,
H,674,674,125,E1,125,125,E1,domain II,
T,675,675,126,E1,126,126,E1,domain II,
A,676,676,127,E1,127,127,E1,domain II,
S,677,677,128,E1,128,128,E1,domain II,
A,678,678,129,E1,129,129,E1,domain I,
S,679,679,130,E1,130,130,E1,domain I,intraspike
A,680,680,131,E1,131,131,E1,domain I,
K,681,681,132,E1,132,132,E1,domain I,intraspike
L,682,682,133,E1,133,133,E1,domain I,
R,683,683,134,E1,134,134,E1,domain I,
V,684,684,135,E1,135,135,E1,domain I,
L,685,685,136,E1,136,136,E1,domain I,
Y,686,686,137,E1,137,137,E1,domain I,
Q,687,687,138,E1,138,138,E1,domain I,
G,688,688,139,E1,139,139,E1,domain I,
N,689,689,140,E1,140,140,E1,domain I,
N,690,690,141,E1,141,141,E1,domain I,
V,691,691,142,E1,142,142,E1,domain I,intraspike
T,692,692,143,E1,143,143,E1,domain I,intraspike
V,693,693,144,E1,144,144,E1,domain I,
S,694,694,145,E1,145,145,E1,domain I,intraspike
A,695,695,146,E1,146,146,E1,domain I,intraspike
Y,696,696,147,E1,147,147,E1,domain I,intraspike
A,697,697,148,E1,148,148,E1,domain I,
N,698,698,149,E1,149,149,E1,domain I,
G,699,699,150,E1,150,150,E1,domain I,
D,700,700,151,E1,151,151,E1,domain I,
H,701,701,152,E1,152,152,E1,domain I,intraspike
A,702,702,153,E1,153,153,E1,domain I,
V,703,703,154,E1,154,154,E1,domain I,intraspike
T,704,704,155,E1,155,155,E1,domain I,
V,705,705,156,E1,156,156,E1,domain I,intraspike
K,706,706,157,E1,157,157,E1,domain I,intraspike
D,707,707,158,E1,158,158,E1,domain I,
A,708,708,159,E1,159,159,E1,domain I,
K,709,709,160,E1,160,160,E1,domain I,
F,710,710,161,E1,161,161,E1,domain I,
I,711,711,162,E1,162,162,E1,domain I,
V,712,712,163,E1,163,163,E1,domain I,
G,713,713,164,E1,164,164,E1,domain I,
P,714,714,165,E1,165,165,E1,domain I,
M,715,715,166,E1,166,166,E1,domain I,
S,716,716,167,E1,167,167,E1,domain I,
S,717,717,168,E1,168,168,E1,domain I,
A,718,718,169,E1,169,169,E1,domain II,
W,719,719,170,E1,170,170,E1,domain II,
T,720,720,171,E1,171,171,E1,domain II,
P,721,721,172,E1,172,172,E1,domain II,
F,722,722,173,E1,173,173,E1,domain II,
D,723,723,174,E1,174,174,E1,domain II,
N,724,724,175,E1,175,175,E1,domain II,
K,725,725,176,E1,176,176,E1,domain II,
I,726,726,177,E1,177,177,E1,domain II,
V,727,727,178,E1,178,178,E1,domain II,
V,728,728,179,E1,179,179,E1,domain II,
Y,729,729,180,E1,180,180,E1,domain II,
K,730,730,181,E1,181,181,E1,domain II,
G,731,731,182,E1,182,182,E1,domain II,
D,732,732,183,E1,183,183,E1,domain II,
V,733,733,184,E1,184,184,E1,domain II,
Y,734,734,185,E1,185,185,E1,domain II,
N,735,735,186,E1,186,186,E1,domain II,
M,736,736,187,E1,187,187,E1,domain II,
D,737,737,188,E1,188,188,E1,domain II,
Y,738,738,189,E1,189,189,E1,domain II,
P,739,739,190,E1,190,190,E1,domain II,
P,740,740,191,E1,191,191,E1,domain II,
F,741,741,192,E1,192,192,E1,domain II,
G,742,742,193,E1,193,193,E1,domain II,
A,743,743,194,E1,194,194,E1,domain II,
G,744,744,195,E1,195,195,E1,domain II,
R,745,745,196,E1,196,196,E1,domain II,
P,746,746,197,E1,197,197,E1,domain II,
G,747,747,198,E1,198,198,E1,domain II,
Q,748,748,199,E1,199,199,E1,domain II,
F,749,749,200,E1,200,200,E1,domain II,
G,750,750,201,E1,201,201,E1,domain II,
D,751,751,202,E1,202,202,E1,domain II,
I,752,752,203,E1,203,203,E1,domain II,
Q,753,753,204,E1,204,204,E1,domain II,
S,754,754,205,E1,205,205,E1,domain II,
R,755,755,206,E1,206,206,E1,domain II,interspike
T,756,756,207,E1,207,207,E1,domain II,interspike
P,757,757,208,E1,208,208,E1,domain II,
E,758,758,209,E1,209,209,E1,domain II,interspike
S,759,759,210,E1,210,210,E1,domain II,interspike
E,760,760,211,E1,211,211,E1,domain II,interspike
D,761,761,212,E1,212,212,E1,domain II,interspike
V,762,762,213,E1,213,213,E1,domain II,
Y,763,763,214,E1,214,214,E1,domain II,
A,764,764,215,E1,215,215,E1,domain II,
N,765,765,216,E1,216,216,E1,domain II,
T,766,766,217,E1,217,217,E1,domain II,
Q,767,767,218,E1,218,218,E1,domain II,
L,768,768,219,E1,219,219,E1,domain II,
V,769,769,220,E1,220,220,E1,domain II,
L,770,770,221,E1,221,221,E1,domain II,
Q,771,771,222,E1,222,222,E1,domain II,
R,772,772,223,E1,223,223,E1,domain II,wrapped
P,773,773,224,E1,224,224,E1,domain II,
S,774,774,225,E1,225,225,E1,domain II,
A,775,775,226,E1,226,226,E1,domain II,wrapped
G,776,776,227,E1,227,227,E1,domain II,wrapped
T,777,777,228,E1,228,228,E1,domain II,
V,778,778,229,E1,229,229,E1,domain II,
H,779,779,230,E1,230,230,E1,domain II,
V,780,780,231,E1,231,231,E1,domain II,
P,781,781,232,E1,232,232,E1,domain II,
Y,782,782,233,E1,233,233,E1,domain II,
S,783,783,234,E1,234,234,E1,domain II,
Q,784,784,235,E1,235,235,E1,domain II,
A,785,785,236,E1,236,236,E1,domain II,
P,786,786,237,E1,237,237,E1,domain II,
S,787,787,238,E1,238,238,E1,domain II,
G,788,788,239,E1,239,239,E1,domain II,
F,789,789,240,E1,240,240,E1,domain II,
K,790,790,241,E1,241,241,E1,domain II,
Y,791,791,242,E1,242,242,E1,domain II,
W,792,792,243,E1,243,243,E1,domain II,
L,793,793,244,E1,244,244,E1,domain II,
K,794,794,245,E1,245,245,E1,domain II,
E,795,795,246,E1,246,246,E1,domain II,
R,796,796,247,E1,247,247,E1,domain II,
G,797,797,248,E1,248,248,E1,domain II,
A,798,798,249,E1,249,249,E1,domain II,
S,799,799,250,E1,250,250,E1,domain II,
L,800,800,251,E1,251,251,E1,domain II,
Q,801,801,252,E1,252,252,E1,domain II,
H,802,802,253,E1,253,253,E1,domain II,
T,803,803,254,E1,254,254,E1,domain II,
A,804,804,255,E1,255,255,E1,domain II,
P,805,805,256,E1,256,256,E1,domain II,
F,806,806,257,E1,257,257,E1,domain II,
G,807,807,258,E1,258,258,E1,domain II,
C,808,808,259,E1,259,259,E1,domain II,
Q,809,809,260,E1,260,260,E1,domain II,
I,810,810,261,E1,261,261,E1,domain II,
A,811,811,262,E1,262,262,E1,domain II,
T,812,812,263,E1,263,263,E1,domain II,intraspike
N,813,813,264,E1,264,264,E1,domain II,intraspike
P,814,814,265,E1,265,265,E1,domain II,intraspike
V,815,815,266,E1,266,266,E1,domain II,
R,816,816,267,E1,267,267,E1,domain II,intraspike
A,817,817,268,E1,268,268,E1,domain II,
M,818,818,269,E1,269,269,E1,domain II,
N,819,819,270,E1,270,270,E1,domain II,
C,820,820,271,E1,271,271,E1,domain II,
A,821,821,272,E1,272,272,E1,domain I,
V,822,822,273,E1,273,273,E1,domain I,
G,823,823,274,E1,274,274,E1,domain I,
N,824,824,275,E1,275,275,E1,domain I,
M,825,825,276,E1,276,276,E1,domain I,
P,826,826,277,E1,277,277,E1,domain I,
I,827,827,278,E1,278,278,E1,domain I,
S,828,828,279,E1,279,279,E1,domain I,
I,829,829,280,E1,280,280,E1,domain I,
D,830,830,281,E1,281,281,E1,domain I,
I,831,831,282,E1,282,282,E1,domain I,
P,832,832,283,E1,283,283,E1,domain I,
D,833,833,284,E1,284,284,E1,,
A,834,834,285,E1,285,285,E1,,
A,835,835,286,E1,286,286,E1,,
F,836,836,287,E1,287,287,E1,,
T,837,837,288,E1,288,288,E1,,
R,838,838,289,E1,289,289,E1,,
V,839,839,290,E1,290,290,E1,,
V,840,840,291,E1,291,291,E1,,
D,841,841,292,E1,292,292,E1,,
A,842,842,293,E1,293,293,E1,,
P,843,843,294,E1,294,294,E1,,
S,844,844,295,E1,295,295,E1,domain III,
L,845,845,296,E1,296,296,E1,domain III,
T,846,846,297,E1,297,297,E1,domain III,
D,847,847,298,E1,298,298,E1,domain III,
M,848,848,299,E1,299,299,E1,domain III,
S,849,849,300,E1,300,300,E1,domain III,
C,850,850,301,E1,301,301,E1,domain III,
E,851,851,302,E1,302,302,E1,domain III,
V,852,852,303,E1,303,303,E1,domain III,
P,853,853,304,E1,304,304,E1,domain III,
A,854,854,305,E1,305,305,E1,domain III,
C,855,855,306,E1,306,306,E1,domain III,
T,856,856,307,E1,307,307,E1,domain III,
H,857,857,308,E1,308,308,E1,domain III,
S,858,858,309,E1,309,309,E1,domain III,
S,859,859,310,E1,310,310,E1,domain III,
D,860,860,311,E1,311,311,E1,domain III,
F,861,861,312,E1,312,312,E1,domain III,
G,862,862,313,E1,313,313,E1,domain III,
G,863,863,314,E1,314,314,E1,domain III,
V,864,864,315,E1,315,315,E1,domain III,
A,865,865,316,E1,316,316,E1,domain III,
I,866,866,317,E1,317,317,E1,domain III,
I,867,867,318,E1,318,318,E1,domain III,
K,868,868,319,E1,319,319,E1,domain III,
Y,869,869,320,E1,320,320,E1,domain III,
A,870,870,321,E1,321,321,E1,domain III,
A,871,871,322,E1,322,322,E1,domain III,
S,872,872,323,E1,323,323,E1,domain III,
K,873,873,324,E1,324,324,E1,domain III,
K,874,874,325,E1,325,325,E1,domain III,
G,875,875,326,E1,326,326,E1,domain III,
K,876,876,327,E1,327,327,E1,domain III,
C,877,877,328,E1,328,328,E1,domain III,
A,878,878,329,E1,329,329,E1,domain III,
V,879,879,330,E1,330,330,E1,domain III,
H,880,880,331,E1,331,331,E1,domain III,
S,881,881,332,E1,332,332,E1,domain III,
M,882,882,333,E1,333,333,E1,domain III,
T,883,883,334,E1,334,334,E1,domain III,
N,884,884,335,E1,335,335,E1,domain III,
A,885,885,336,E1,336,336,E1,domain III,
V,886,886,337,E1,337,337,E1,domain III,
T,887,887,338,E1,338,338,E1,domain III,
I,888,888,339,E1,339,339,E1,domain III,
R,889,889,340,E1,340,340,E1,domain III,
E,890,890,341,E1,341,341,E1,domain III,
A,891,891,342,E1,342,342,E1,domain III,
E,892,892,343,E1,343,343,E1,domain III,
I,893,893,344,E1,344,344,E1,domain III,
E,894,894,345,E1,345,345,E1,domain III,
V,895,895,346,E1,346,346,E1,domain III,
E,896,896,347,E1,347,347,E1,domain III,
G,897,897,348,E1,348,348,E1,domain III,
N,898,898,349,E1,349,349,E1,domain III,
S,899,899,350,E1,350,350,E1,domain III,
Q,900,900,351,E1,351,351,E1,domain III,
L,901,901,352,E1,352,352,E1,domain III,
Q,902,902,353,E1,353,353,E1,domain III,
I,903,903,354,E1,354,354,E1,domain III,
S,904,904,355,E1,355,355,E1,domain III,
F,905,905,356,E1,356,356,E1,domain III,
S,906,906,357,E1,357,357,E1,domain III,
T,907,907,358,E1,358,358,E1,domain III,
A,908,908,359,E1,359,359,E1,domain III,
L,909,909,360,E1,360,360,E1,domain III,
A,910,910,361,E1,361,361,E1,domain III,
S,911,911,362,E1,362,362,E1,domain III,
A,912,912,363,E1,363,363,E1,domain III,
E,913,913,364,E1,364,364,E1,domain III,
F,914,914,365,E1,365,365,E1,domain III,
R,915,915,366,E1,366,366,E1,domain III,
V,916,916,367,E1,367,367,E1,domain III,
Q,917,917,368,E1,368,368,E1,domain III,
V,918,918,369,E1,369,369,E1,domain III,
C,919,919,370,E1,370,370,E1,domain III,
S,920,920,371,E1,371,371,E1,domain III,
T,921,921,372,E1,372,372,E1,domain III,
Q,922,922,373,E1,373,373,E1,domain III,
V,923,923,374,E1,374,374,E1,domain III,
H,924,924,375,E1,375,375,E1,domain III,
C,925,925,376,E1,376,376,E1,domain III,
A,926,926,377,E1,377,377,E1,domain III,
A,927,927,378,E1,378,378,E1,domain III,
E,928,928,379,E1,379,379,E1,domain III,
C,929,929,380,E1,380,380,E1,domain III,
H,930,930,381,E1,381,381,E1,domain III,
P,931,931,382,E1,382,382,E1,stem,
P,932,932,383,E1,383,383,E1,stem,
K,933,933,384,E1,384,384,E1,stem,
D,934,934,385,E1,385,385,E1,stem,
H,935,935,386,E1,386,386,E1,stem,
I,936,936,387,E1,387,387,E1,stem,
V,937,937,388,E1,388,388,E1,stem,
N,938,938,389,E1,389,389,E1,stem,
Y,939,939,390,E1,390,390,E1,stem,
P,940,940,391,E1,391,391,E1,stem,
A,941,941,392,E1,392,392,E1,stem,
S,942,942,393,E1,393,393,E1,stem,
H,943,943,394,E1,394,394,E1,stem,
T,944,944,395,E1,395,395,E1,stem,
T,945,945,396,E1,396,396,E1,stem,
L,946,946,397,E1,397,397,E1,stem,
G,947,947,398,E1,398,398,E1,stem,
V,948,948,399,E1,399,399,E1,stem,
Q,949,949,400,E1,400,400,E1,stem,
D,950,950,401,E1,401,401,E1,stem,
I,951,951,402,E1,402,402,E1,stem,
S,952,952,403,E1,403,403,E1,stem,
V,953,953,404,E1,404,404,E1,stem,
T,954,954,405,E1,405,405,E1,stem,
A,955,955,406,E1,406,406,E1,stem,
M,956,956,407,E1,407,407,E1,stem,
S,957,957,408,E1,408,408,E1,stem,
W,958,958,409,E1,409,409,E1,stem,
V,959,959,410,E1,410,410,E1,stem,
Q,960,960,411,E1,411,411,E1,stem,
K,961,961,412,E1,412,412,E1,stem,
I,962,962,413,E1,413,413,E1,transmembrane,
T,963,963,414,E1,414,414,E1,transmembrane,
G,964,964,415,E1,415,415,E1,transmembrane,
G,965,965,416,E1,416,416,E1,transmembrane,
V,966,966,417,E1,417,417,E1,transmembrane,
G,967,967,418,E1,418,418,E1,transmembrane,
L,968,968,419,E1,419,419,E1,transmembrane,
V,969,969,420,E1,420,420,E1,transmembrane,
V,970,970,421,E1,421,421,E1,transmembrane,
A,971,971,422,E1,422,422,E1,transmembrane,
V,972,972,423,E1,423,423,E1,transmembrane,
A,973,973,424,E1,424,424,E1,transmembrane,
A,974,974,425,E1,425,425,E1,transmembrane,
L,975,975,426,E1,426,426,E1,transmembrane,
I,976,976,427,E1,427,427,E1,transmembrane,
L,977,977,428,E1,428,428,E1,transmembrane,
I,978,978,429,E1,429,429,E1,transmembrane,
V,979,979,430,E1,430,430,E1,transmembrane,
V,980,980,431,E1,431,431,E1,transmembrane,
L,981,981,432,E1,432,432,E1,transmembrane,
C,982,982,433,E1,433,433,E1,transmembrane,
V,983,983,434,E1,434,434,E1,transmembrane,
S,984,984,435,E1,435,435,E1,transmembrane,
F,985,985,436,E1,436,436,E1,transmembrane,
S,986,986,437,E1,437,437,E1,cytoplasmic,
R,987,987,438,E1,438,438,E1,cytoplasmic,
H,988,988,439,E1,439,439,E1,cytoplasmic,
*,989,989,440,E1,,,E1,,