Run,Assay Type,AvgSpotLen,Bases,BioProject,BioSample,BioSampleModel,Bytes,Center Name,Collection_Date,Consent,DATASTORE filetype,DATASTORE provider,DATASTORE region,Experiment,geo_loc_name_country,geo_loc_name_country_continent,geo_loc_name,Instrument,isolate,isolation_source,lab_host,Library Name,LibraryLayout,LibrarySelection,LibrarySource,Organism,passage_history,Platform,ReleaseDate,create_date,version,Sample Name,SRA Study
SRR6815102,AMPLICON,152,98247328,PRJNA437311,SAMN08648575,Viral,59429758,YALE UNIVERSITY,2016,public,"fastq,run.zq,sra","gs,ncbi,s3","gs.us-east1,ncbi.public,s3.us-east-1",SRX3772162,USA,North America,USA: Connecticut,Illumina HiSeq 2500,Aag2_Population22_Passage7,laboratory tissue culture,Aag2 cell line,Aag2_Population22_Passage7,PAIRED,RT-PCR,VIRAL RNA,Chikungunya virus,7 passages on Aag2 cells,ILLUMINA,2018-03-08T00:00:00Z,2018-03-07T17:45:00Z,1,Aag2_Population22_Passage7,SRP134110
SRR6815106,AMPLICON,152,92490632,PRJNA437311,SAMN08648572,Viral,56522231,YALE UNIVERSITY,2016,public,"fastq,run.zq,sra","gs,ncbi,s3","gs.us-east1,ncbi.public,s3.us-east-1",SRX3772158,USA,North America,USA: Connecticut,Illumina HiSeq 2500,Aag2_Population19_Passage7,laboratory tissue culture,Aag2 cell line,Aag2_Population19_Passage7,PAIRED,RT-PCR,VIRAL RNA,Chikungunya virus,7 passages on Aag2 cells,ILLUMINA,2018-03-08T00:00:00Z,2018-03-07T17:45:00Z,1,Aag2_Population19_Passage7,SRP134110
SRR6815107,AMPLICON,94,75144544,PRJNA437311,SAMN08648573,Viral,58965114,YALE UNIVERSITY,2016,public,"fastq,run.zq,sra","gs,ncbi,s3","gs.us-east1,ncbi.public,s3.us-east-1",SRX3772157,USA,North America,USA: Connecticut,Illumina HiSeq 2500,Aag2_Population20_Passage7,laboratory tissue culture,Aag2 cell line,Aag2_Population20_Passage7,PAIRED,RT-PCR,VIRAL RNA,Chikungunya virus,7 passages on Aag2 cells,ILLUMINA,2018-03-09T00:00:00Z,2018-03-09T13:00:00Z,1,Aag2_Population20_Passage7,SRP134110
SRR6815108,AMPLICON,152,112362656,PRJNA437311,SAMN08648574,Viral,68192573,YALE UNIVERSITY,2016,public,"fastq,run.zq,sra","gs,ncbi,s3","gs.us-east1,ncbi.public,s3.us-east-1",SRX3772156,USA,North America,USA: Connecticut,Illumina HiSeq 2500,Aag2_Population21_Passage7,laboratory tissue culture,Aag2 cell line,Aag2_Population21_Passage7,PAIRED,RT-PCR,VIRAL RNA,Chikungunya virus,7 passages on Aag2 cells,ILLUMINA,2018-03-08T00:00:00Z,2018-03-07T17:45:00Z,1,Aag2_Population21_Passage7,SRP134110
SRR6815114,AMPLICON,152,110645968,PRJNA437311,SAMN08648492,Viral,66745543,YALE UNIVERSITY,2016,public,"fastq,run.zq,sra","gs,ncbi,s3","gs.us-east1,ncbi.public,s3.us-east-1",SRX3772150,USA,North America,USA: Connecticut,Illumina HiSeq 2500,Vero_Population11_Passage25,laboratory tissue culture,Vero cell line,Vero_Population11_Passage25,PAIRED,RT-PCR,VIRAL RNA,Chikungunya virus,25 passages on Vero cells,ILLUMINA,2018-03-08T00:00:00Z,2018-03-07T17:46:00Z,1,Vero_Population11_Passage25,SRP134110
SRR6815121,AMPLICON,152,110483936,PRJNA437311,SAMN08648504,Viral,65612644,YALE UNIVERSITY,2016,public,"fastq,run.zq,sra","gs,ncbi,s3","gs.us-east1,ncbi.public,s3.us-east-1",SRX3772143,USA,North America,USA: Connecticut,Illumina HiSeq 2500,Vero_Population23_Passage25,laboratory tissue culture,Vero cell line,Vero_Population23_Passage25,PAIRED,RT-PCR,VIRAL RNA,Chikungunya virus,25 passages on Vero cells,ILLUMINA,2018-03-08T00:00:00Z,2018-03-07T17:46:00Z,1,Vero_Population23_Passage25,SRP134110
SRR6815122,AMPLICON,152,98623376,PRJNA437311,SAMN08648503,Viral,59557550,YALE UNIVERSITY,2016,public,"fastq,run.zq,sra","gs,ncbi,s3","gs.us-east1,ncbi.public,s3.us-east-1",SRX3772142,USA,North America,USA: Connecticut,Illumina HiSeq 2500,Vero_Population22_Passage25,laboratory tissue culture,Vero cell line,Vero_Population22_Passage25,PAIRED,RT-PCR,VIRAL RNA,Chikungunya virus,25 passages on Vero cells,ILLUMINA,2018-03-08T00:00:00Z,2018-03-07T17:46:00Z,1,Vero_Population22_Passage25,SRP134110
SRR6815125,AMPLICON,152,78924632,PRJNA437311,SAMN08648508,Viral,46256239,YALE UNIVERSITY,2016,public,"fastq,run.zq,sra","gs,ncbi,s3","gs.us-east1,ncbi.public,s3.us-east-1",SRX3772139,USA,North America,USA: Connecticut,Illumina HiSeq 2500,Alt_Population3_Passage25,laboratory tissue culture,Aag2 cell line,Alt_Population3_Passage25,PAIRED,RT-PCR,VIRAL RNA,Chikungunya virus,"25 passages alternating Aag2 cells and Vero cells, isolated from Aag2 cell passage",ILLUMINA,2018-03-08T00:00:00Z,2018-03-07T17:47:00Z,1,Alt_Population3_Passage25,SRP134110
SRR6815126,AMPLICON,152,102800944,PRJNA437311,SAMN08648507,Viral,60705203,YALE UNIVERSITY,2016,public,"fastq,run.zq,sra","gs,ncbi,s3","gs.us-east1,ncbi.public,s3.us-east-1",SRX3772138,USA,North America,USA: Connecticut,Illumina HiSeq 2500,Alt_Population2_Passage25,laboratory tissue culture,Aag2 cell line,Alt_Population2_Passage25,PAIRED,RT-PCR,VIRAL RNA,Chikungunya virus,"25 passages alternating Aag2 cells and Vero cells, isolated from Aag2 cell passage",ILLUMINA,2018-03-08T00:00:00Z,2018-03-07T17:47:00Z,1,Alt_Population2_Passage25,SRP134110
SRR6815127,AMPLICON,152,114975232,PRJNA437311,SAMN08648510,Viral,68965019,YALE UNIVERSITY,2016,public,"fastq,run.zq,sra","gs,ncbi,s3","gs.us-east1,ncbi.public,s3.us-east-1",SRX3772137,USA,North America,USA: Connecticut,Illumina HiSeq 2500,Alt_Population5_Passage25,laboratory tissue culture,Aag2 cell line,Alt_Population5_Passage25,PAIRED,RT-PCR,VIRAL RNA,Chikungunya virus,"25 passages alternating Aag2 cells and Vero cells, isolated from Aag2 cell passage",ILLUMINA,2018-03-08T00:00:00Z,2018-03-07T17:46:00Z,1,Alt_Population5_Passage25,SRP134110
SRR6815128,AMPLICON,152,153349456,PRJNA437311,SAMN08648509,Viral,90431970,YALE UNIVERSITY,2016,public,"fastq,run.zq,sra","gs,ncbi,s3","gs.us-east1,ncbi.public,s3.us-east-1",SRX3772136,USA,North America,USA: Connecticut,Illumina HiSeq 2500,Alt_Population4_Passage25,laboratory tissue culture,Aag2 cell line,Alt_Population4_Passage25,PAIRED,RT-PCR,VIRAL RNA,Chikungunya virus,"25 passages alternating Aag2 cells and Vero cells, isolated from Aag2 cell passage",ILLUMINA,2018-03-08T00:00:00Z,2018-03-07T17:47:00Z,1,Alt_Population4_Passage25,SRP134110
SRR6815133,AMPLICON,152,184347272,PRJNA437311,SAMN08648524,Viral,108787615,YALE UNIVERSITY,2016,public,"fastq,run.zq,sra","gs,ncbi,s3","gs.us-east1,ncbi.public,s3.us-east-1",SRX3772131,USA,North America,USA: Connecticut,Illumina HiSeq 2500,Alt_Population19_Passage25,laboratory tissue culture,Aag2 cell line,Alt_Population19_Passage25,PAIRED,RT-PCR,VIRAL RNA,Chikungunya virus,"25 passages alternating Aag2 cells and Vero cells, isolated from Aag2 cell passage",ILLUMINA,2018-03-08T00:00:00Z,2018-03-07T17:47:00Z,1,Alt_Population19_Passage25,SRP134110
SRR6815134,AMPLICON,152,90521472,PRJNA437311,SAMN08648523,Viral,54050800,YALE UNIVERSITY,2016,public,"fastq,run.zq,sra","gs,ncbi,s3","gs.us-east1,ncbi.public,s3.us-east-1",SRX3772130,USA,North America,USA: Connecticut,Illumina HiSeq 2500,Alt_Population18_Passage25,laboratory tissue culture,Aag2 cell line,Alt_Population18_Passage25,PAIRED,RT-PCR,VIRAL RNA,Chikungunya virus,"25 passages alternating Aag2 cells and Vero cells, isolated from Aag2 cell passage",ILLUMINA,2018-03-08T00:00:00Z,2018-03-07T17:47:00Z,1,Alt_Population18_Passage25,SRP134110
SRR6815135,AMPLICON,152,112109880,PRJNA437311,SAMN08648522,Viral,67057272,YALE UNIVERSITY,2016,public,"fastq,run.zq,sra","gs,ncbi,s3","gs.us-east1,ncbi.public,s3.us-east-1",SRX3772129,USA,North America,USA: Connecticut,Illumina HiSeq 2500,Alt_Population17_Passage25,laboratory tissue culture,Aag2 cell line,Alt_Population17_Passage25,PAIRED,RT-PCR,VIRAL RNA,Chikungunya virus,"25 passages alternating Aag2 cells and Vero cells, isolated from Aag2 cell passage",ILLUMINA,2018-03-08T00:00:00Z,2018-03-07T17:47:00Z,1,Alt_Population17_Passage25,SRP134110
SRR6815136,AMPLICON,152,100637680,PRJNA437311,SAMN08648521,Viral,59984265,YALE UNIVERSITY,2016,public,"fastq,run.zq,sra","gs,ncbi,s3","gs.us-east1,ncbi.public,s3.us-east-1",SRX3772128,USA,North America,USA: Connecticut,Illumina HiSeq 2500,Alt_Population16_Passage25,laboratory tissue culture,Aag2 cell line,Alt_Population16_Passage25,PAIRED,RT-PCR,VIRAL RNA,Chikungunya virus,"25 passages alternating Aag2 cells and Vero cells, isolated from Aag2 cell passage",ILLUMINA,2018-03-08T00:00:00Z,2018-03-07T17:47:00Z,1,Alt_Population16_Passage25,SRP134110
SRR6815137,AMPLICON,152,107876832,PRJNA437311,SAMN08648530,Viral,64045336,YALE UNIVERSITY,2016,public,"fastq,run.zq,sra","gs,ncbi,s3","gs.us-east1,ncbi.public,s3.us-east-1",SRX3772127,USA,North America,USA: Connecticut,Illumina HiSeq 2500,Alt_Population1_Passage24,laboratory tissue culture,Vero cell line,Alt_Population1_Passage24,PAIRED,RT-PCR,VIRAL RNA,Chikungunya virus,"24 passages alternating Aag2 cells and Vero cells, isolated from Vero cell passage",ILLUMINA,2018-03-08T00:00:00Z,2018-03-07T17:47:00Z,1,Alt_Population1_Passage24,SRP134110
SRR6815138,AMPLICON,152,99350544,PRJNA437311,SAMN08648529,Viral,59344535,YALE UNIVERSITY,2016,public,"fastq,run.zq,sra","gs,ncbi,s3","gs.us-east1,ncbi.public,s3.us-east-1",SRX3772126,USA,North America,USA: Connecticut,Illumina HiSeq 2500,Alt_Population24_Passage25,laboratory tissue culture,Aag2 cell line,Alt_Population24_Passage25,PAIRED,RT-PCR,VIRAL RNA,Chikungunya virus,"25 passages alternating Aag2 cells and Vero cells, isolated from Aag2 cell passage",ILLUMINA,2018-03-08T00:00:00Z,2018-03-07T17:47:00Z,1,Alt_Population24_Passage25,SRP134110
SRR6815139,AMPLICON,152,732658544,PRJNA437311,SAMN08648481,Viral,475193298,YALE UNIVERSITY,2016,public,"fastq,run.zq,sra","gs,ncbi,s3","gs.us-east1,ncbi.public,s3.us-east-1",SRX3772125,USA,North America,USA: Connecticut,Illumina HiSeq 2500,deltaDR12_ancestral_stock,laboratory tissue culture,BHK-21 cell line,deltaDR12_ancestral_stock,PAIRED,RT-PCR,VIRAL RNA,Chikungunya virus,single passage on BHK-21 cells,ILLUMINA,2018-03-08T00:00:00Z,2018-03-07T17:49:00Z,1,deltaDR12_ancestral_stock,SRP134110
SRR6815143,AMPLICON,152,107628920,PRJNA437311,SAMN08648485,Viral,65841261,YALE UNIVERSITY,2016,public,"fastq,run.zq,sra","gs,ncbi,s3","gs.us-east1,ncbi.public,s3.us-east-1",SRX3772121,USA,North America,USA: Connecticut,Illumina HiSeq 2500,Vero_Population4_Passage25,laboratory tissue culture,Vero cell line,Vero_Population4_Passage25,PAIRED,RT-PCR,VIRAL RNA,Chikungunya virus,25 passages on Vero cells,ILLUMINA,2018-03-08T00:00:00Z,2018-03-07T17:47:00Z,1,Vero_Population4_Passage25,SRP134110
SRR6815144,AMPLICON,152,116901224,PRJNA437311,SAMN08648486,Viral,71574900,YALE UNIVERSITY,2016,public,"fastq,run.zq,sra","gs,ncbi,s3","gs.us-east1,ncbi.public,s3.us-east-1",SRX3772120,USA,North America,USA: Connecticut,Illumina HiSeq 2500,Vero_Population5_Passage25,laboratory tissue culture,Vero cell line,Vero_Population5_Passage25,PAIRED,RT-PCR,VIRAL RNA,Chikungunya virus,25 passages on Vero cells,ILLUMINA,2018-03-08T00:00:00Z,2018-03-07T17:47:00Z,1,Vero_Population5_Passage25,SRP134110
SRR6815149,AMPLICON,152,99732976,PRJNA437311,SAMN08648513,Viral,59203734,YALE UNIVERSITY,2016,public,"fastq,run.zq,sra","gs,ncbi,s3","gs.us-east1,ncbi.public,s3.us-east-1",SRX3772115,USA,North America,USA: Connecticut,Illumina HiSeq 2500,Alt_Population8_Passage25,laboratory tissue culture,Aag2 cell line,Alt_Population8_Passage25,PAIRED,RT-PCR,VIRAL RNA,Chikungunya virus,"25 passages alternating Aag2 cells and Vero cells, isolated from Aag2 cell passage",ILLUMINA,2018-03-08T00:00:00Z,2018-03-07T17:47:00Z,1,Alt_Population8_Passage25,SRP134110
SRR6815150,AMPLICON,152,114419976,PRJNA437311,SAMN08648514,Viral,67787091,YALE UNIVERSITY,2016,public,"fastq,run.zq,sra","gs,ncbi,s3","gs.us-east1,ncbi.public,s3.us-east-1",SRX3772114,USA,North America,USA: Connecticut,Illumina HiSeq 2500,Alt_Population9_Passage25,laboratory tissue culture,Aag2 cell line,Alt_Population9_Passage25,PAIRED,RT-PCR,VIRAL RNA,Chikungunya virus,"25 passages alternating Aag2 cells and Vero cells, isolated from Aag2 cell passage",ILLUMINA,2018-03-08T00:00:00Z,2018-03-07T17:48:00Z,1,Alt_Population9_Passage25,SRP134110
SRR6815154,AMPLICON,152,99951856,PRJNA437311,SAMN08648518,Viral,60748468,YALE UNIVERSITY,2016,public,"fastq,run.zq,sra","gs,ncbi,s3","gs.us-east1,ncbi.public,s3.us-east-1",SRX3772110,USA,North America,USA: Connecticut,Illumina HiSeq 2500,Alt_Population13_Passage25,laboratory tissue culture,Aag2 cell line,Alt_Population13_Passage25,PAIRED,RT-PCR,VIRAL RNA,Chikungunya virus,"25 passages alternating Aag2 cells and Vero cells, isolated from Aag2 cell passage",ILLUMINA,2018-03-08T00:00:00Z,2018-03-07T17:48:00Z,1,Alt_Population13_Passage25,SRP134110
SRR6815155,AMPLICON,152,105332656,PRJNA437311,SAMN08648515,Viral,62427981,YALE UNIVERSITY,2016,public,"fastq,run.zq,sra","gs,ncbi,s3","gs.us-east1,ncbi.public,s3.us-east-1",SRX3772109,USA,North America,USA: Connecticut,Illumina HiSeq 2500,Alt_Population10_Passage25,laboratory tissue culture,Aag2 cell line,Alt_Population10_Passage25,PAIRED,RT-PCR,VIRAL RNA,Chikungunya virus,"25 passages alternating Aag2 cells and Vero cells, isolated from Aag2 cell passage",ILLUMINA,2018-03-08T00:00:00Z,2018-03-07T17:48:00Z,1,Alt_Population10_Passage25,SRP134110
SRR6815170,AMPLICON,152,105932448,PRJNA437311,SAMN08648549,Viral,63445927,YALE UNIVERSITY,2016,public,"fastq,run.zq,sra","gs,ncbi,s3","gs.us-east1,ncbi.public,s3.us-east-1",SRX3772094,USA,North America,USA: Connecticut,Illumina HiSeq 2500,Alt_Population20_Passage24,laboratory tissue culture,Vero cell line,Alt_Population20_Passage24,PAIRED,RT-PCR,VIRAL RNA,Chikungunya virus,"24 passages alternating Aag2 cells and Vero cells, isolated from Vero cell passage",ILLUMINA,2018-03-08T00:00:00Z,2018-03-07T17:48:00Z,1,Alt_Population20_Passage24,SRP134110
SRR6815171,AMPLICON,152,75686120,PRJNA437311,SAMN08648546,Viral,44570596,YALE UNIVERSITY,2016,public,"fastq,run.zq,sra","gs,ncbi,s3","gs.us-east1,ncbi.public,s3.us-east-1",SRX3772093,USA,North America,USA: Connecticut,Illumina HiSeq 2500,Alt_Population17_Passage24,laboratory tissue culture,Vero cell line,Alt_Population17_Passage24,PAIRED,RT-PCR,VIRAL RNA,Chikungunya virus,"24 passages alternating Aag2 cells and Vero cells, isolated from Vero cell passage",ILLUMINA,2018-03-08T00:00:00Z,2018-03-07T17:48:00Z,1,Alt_Population17_Passage24,SRP134110
SRR6815172,AMPLICON,152,82140192,PRJNA437311,SAMN08648545,Viral,49419109,YALE UNIVERSITY,2016,public,"fastq,run.zq,sra","gs,ncbi,s3","gs.us-east1,ncbi.public,s3.us-east-1",SRX3772092,USA,North America,USA: Connecticut,Illumina HiSeq 2500,Alt_Population16_Passage24,laboratory tissue culture,Vero cell line,Alt_Population16_Passage24,PAIRED,RT-PCR,VIRAL RNA,Chikungunya virus,"24 passages alternating Aag2 cells and Vero cells, isolated from Vero cell passage",ILLUMINA,2018-03-08T00:00:00Z,2018-03-07T17:48:00Z,1,Alt_Population16_Passage24,SRP134110
SRR6815173,AMPLICON,152,110004224,PRJNA437311,SAMN08648548,Viral,66291946,YALE UNIVERSITY,2016,public,"fastq,run.zq,sra","gs,ncbi,s3","gs.us-east1,ncbi.public,s3.us-east-1",SRX3772091,USA,North America,USA: Connecticut,Illumina HiSeq 2500,Alt_Population19_Passage24,laboratory tissue culture,Vero cell line,Alt_Population19_Passage24,PAIRED,RT-PCR,VIRAL RNA,Chikungunya virus,"24 passages alternating Aag2 cells and Vero cells, isolated from Vero cell passage",ILLUMINA,2018-03-08T00:00:00Z,2018-03-07T17:48:00Z,1,Alt_Population19_Passage24,SRP134110
SRR6815179,AMPLICON,152,124789720,PRJNA437311,SAMN08648564,Viral,74284149,YALE UNIVERSITY,2016,public,"fastq,run.zq,sra","gs,ncbi,s3","gs.us-east1,ncbi.public,s3.us-east-1",SRX3772085,USA,North America,USA: Connecticut,Illumina HiSeq 2500,Aag2_Population11_Passage7,laboratory tissue culture,Aag2 cell line,Aag2_Population11_Passage7,PAIRED,RT-PCR,VIRAL RNA,Chikungunya virus,7 passages on Aag2 cells,ILLUMINA,2018-03-08T00:00:00Z,2018-03-07T17:48:00Z,1,Aag2_Population11_Passage7,SRP134110
SRR6815180,AMPLICON,152,93681704,PRJNA437311,SAMN08648563,Viral,56004427,YALE UNIVERSITY,2016,public,"fastq,run.zq,sra","gs,ncbi,s3","gs.us-east1,ncbi.public,s3.us-east-1",SRX3772084,USA,North America,USA: Connecticut,Illumina HiSeq 2500,Aag2_Population10_Passage7,laboratory tissue culture,Aag2 cell line,Aag2_Population10_Passage7,PAIRED,RT-PCR,VIRAL RNA,Chikungunya virus,7 passages on Aag2 cells,ILLUMINA,2018-03-08T00:00:00Z,2018-03-07T17:48:00Z,1,Aag2_Population10_Passage7,SRP134110
SRR6815181,AMPLICON,152,102421552,PRJNA437311,SAMN08648562,Viral,61281040,YALE UNIVERSITY,2016,public,"fastq,run.zq,sra","gs,ncbi,s3","gs.us-east1,ncbi.public,s3.us-east-1",SRX3772083,USA,North America,USA: Connecticut,Illumina HiSeq 2500,Aag2_Population9_Passage7,laboratory tissue culture,Aag2 cell line,Aag2_Population9_Passage7,PAIRED,RT-PCR,VIRAL RNA,Chikungunya virus,7 passages on Aag2 cells,ILLUMINA,2018-03-08T00:00:00Z,2018-03-07T17:49:00Z,1,Aag2_Population9_Passage7,SRP134110
SRR6815182,AMPLICON,152,102558048,PRJNA437311,SAMN08648561,Viral,61078861,YALE UNIVERSITY,2016,public,"fastq,run.zq,sra","gs,ncbi,s3","gs.us-east1,ncbi.public,s3.us-east-1",SRX3772082,USA,North America,USA: Connecticut,Illumina HiSeq 2500,Aag2_Population8_Passage7,laboratory tissue culture,Aag2 cell line,Aag2_Population8_Passage7,PAIRED,RT-PCR,VIRAL RNA,Chikungunya virus,7 passages on Aag2 cells,ILLUMINA,2018-03-08T00:00:00Z,2018-03-07T17:49:00Z,1,Aag2_Population8_Passage7,SRP134110
SRR6815183,AMPLICON,152,99190640,PRJNA437311,SAMN08648568,Viral,59015973,YALE UNIVERSITY,2016,public,"fastq,run.zq,sra","gs,ncbi,s3","gs.us-east1,ncbi.public,s3.us-east-1",SRX3772081,USA,North America,USA: Connecticut,Illumina HiSeq 2500,Aag2_Population15_Passage7,laboratory tissue culture,Aag2 cell line,Aag2_Population15_Passage7,PAIRED,RT-PCR,VIRAL RNA,Chikungunya virus,7 passages on Aag2 cells,ILLUMINA,2018-03-08T00:00:00Z,2018-03-07T17:48:00Z,1,Aag2_Population15_Passage7,SRP134110
SRR6815184,AMPLICON,152,103584352,PRJNA437311,SAMN08648567,Viral,62408861,YALE UNIVERSITY,2016,public,"fastq,run.zq,sra","gs,ncbi,s3","gs.us-east1,ncbi.public,s3.us-east-1",SRX3772080,USA,North America,USA: Connecticut,Illumina HiSeq 2500,Aag2_Population14_Passage7,laboratory tissue culture,Aag2 cell line,Aag2_Population14_Passage7,PAIRED,RT-PCR,VIRAL RNA,Chikungunya virus,7 passages on Aag2 cells,ILLUMINA,2018-03-08T00:00:00Z,2018-03-07T17:49:00Z,1,Aag2_Population14_Passage7,SRP134110
SRR6815185,AMPLICON,152,102864176,PRJNA437311,SAMN08648566,Viral,61770128,YALE UNIVERSITY,2016,public,"fastq,run.zq,sra","gs,ncbi,s3","gs.us-east1,ncbi.public,s3.us-east-1",SRX3772079,USA,North America,USA: Connecticut,Illumina HiSeq 2500,Aag2_Population13_Passage7,laboratory tissue culture,Aag2 cell line,Aag2_Population13_Passage7,PAIRED,RT-PCR,VIRAL RNA,Chikungunya virus,7 passages on Aag2 cells,ILLUMINA,2018-03-08T00:00:00Z,2018-03-07T17:49:00Z,1,Aag2_Population13_Passage7,SRP134110
SRR6815190,AMPLICON,152,113701168,PRJNA437311,SAMN08648560,Viral,67154323,YALE UNIVERSITY,2016,public,"fastq,run.zq,sra","gs,ncbi,s3","gs.us-east1,ncbi.public,s3.us-east-1",SRX3772074,USA,North America,USA: Connecticut,Illumina HiSeq 2500,Aag2_Population7_Passage7,laboratory tissue culture,Aag2 cell line,Aag2_Population7_Passage7,PAIRED,RT-PCR,VIRAL RNA,Chikungunya virus,7 passages on Aag2 cells,ILLUMINA,2018-03-08T00:00:00Z,2018-03-07T17:49:00Z,1,Aag2_Population7_Passage7,SRP134110
SRR6815191,AMPLICON,152,148522088,PRJNA437311,SAMN08648557,Viral,87829491,YALE UNIVERSITY,2016,public,"fastq,run.zq,sra","gs,ncbi,s3","gs.us-east1,ncbi.public,s3.us-east-1",SRX3772073,USA,North America,USA: Connecticut,Illumina HiSeq 2500,Aag2_Population4_Passage7,laboratory tissue culture,Aag2 cell line,Aag2_Population4_Passage7,PAIRED,RT-PCR,VIRAL RNA,Chikungunya virus,7 passages on Aag2 cells,ILLUMINA,2018-03-08T00:00:00Z,2018-03-07T17:49:00Z,1,Aag2_Population4_Passage7,SRP134110
SRR6815197,AMPLICON,152,94156856,PRJNA437311,SAMN08648551,Viral,57567372,YALE UNIVERSITY,2016,public,"fastq,run.zq,sra","gs,ncbi,s3","gs.us-east1,ncbi.public,s3.us-east-1",SRX3772067,USA,North America,USA: Connecticut,Illumina HiSeq 2500,Alt_Population22_Passage24,laboratory tissue culture,Vero cell line,Alt_Population22_Passage24,PAIRED,RT-PCR,VIRAL RNA,Chikungunya virus,"24 passages alternating Aag2 cells and Vero cells, isolated from Vero cell passage",ILLUMINA,2018-03-08T00:00:00Z,2018-03-07T17:49:00Z,1,Alt_Population22_Passage24,SRP134110
SRR6815198,AMPLICON,152,93103344,PRJNA437311,SAMN08648552,Viral,55818237,YALE UNIVERSITY,2016,public,"fastq,run.zq,sra","gs,ncbi,s3","gs.us-east1,ncbi.public,s3.us-east-1",SRX3772066,USA,North America,USA: Connecticut,Illumina HiSeq 2500,Alt_Population23_Passage24,laboratory tissue culture,Vero cell line,Alt_Population23_Passage24,PAIRED,RT-PCR,VIRAL RNA,Chikungunya virus,"24 passages alternating Aag2 cells and Vero cells, isolated from Vero cell passage",ILLUMINA,2018-03-08T00:00:00Z,2018-03-07T17:49:00Z,1,Alt_Population23_Passage24,SRP134110
SRR6815103,AMPLICON,152,117326824,PRJNA437311,SAMN08648576,Viral,69440812,YALE UNIVERSITY,2016,public,"fastq,run.zq,sra","gs,ncbi,s3","gs.us-east1,ncbi.public,s3.us-east-1",SRX3772161,USA,North America,USA: Connecticut,Illumina HiSeq 2500,Aag2_Population23_Passage7,laboratory tissue culture,Aag2 cell line,Aag2_Population23_Passage7,PAIRED,RT-PCR,VIRAL RNA,Chikungunya virus,7 passages on Aag2 cells,ILLUMINA,2018-03-08T00:00:00Z,2018-03-07T17:45:00Z,1,Aag2_Population23_Passage7,SRP134110
SRR6815104,AMPLICON,152,99379728,PRJNA437311,SAMN08648577,Viral,58391997,YALE UNIVERSITY,2016,public,"fastq,run.zq,sra","gs,ncbi,s3","gs.us-east1,ncbi.public,s3.us-east-1",SRX3772160,USA,North America,USA: Connecticut,Illumina HiSeq 2500,Aag2_Population24_Passage7,laboratory tissue culture,Aag2 cell line,Aag2_Population24_Passage7,PAIRED,RT-PCR,VIRAL RNA,Chikungunya virus,7 passages on Aag2 cells,ILLUMINA,2018-03-08T00:00:00Z,2018-03-07T17:45:00Z,1,Aag2_Population24_Passage7,SRP134110
SRR6815105,AMPLICON,152,90402000,PRJNA437311,SAMN08648571,Viral,53993434,YALE UNIVERSITY,2016,public,"fastq,run.zq,sra","gs,ncbi,s3","gs.us-east1,ncbi.public,s3.us-east-1",SRX3772159,USA,North America,USA: Connecticut,Illumina HiSeq 2500,Aag2_Population18_Passage7,laboratory tissue culture,Aag2 cell line,Aag2_Population18_Passage7,PAIRED,RT-PCR,VIRAL RNA,Chikungunya virus,7 passages on Aag2 cells,ILLUMINA,2018-03-08T00:00:00Z,2018-03-07T17:45:00Z,1,Aag2_Population18_Passage7,SRP134110
SRR6815109,AMPLICON,152,99961888,PRJNA437311,SAMN08648495,Viral,60240064,YALE UNIVERSITY,2016,public,"fastq,run.zq,sra","gs,ncbi,s3","gs.us-east1,ncbi.public,s3.us-east-1",SRX3772155,USA,North America,USA: Connecticut,Illumina HiSeq 2500,Vero_Population14_Passage25,laboratory tissue culture,Vero cell line,Vero_Population14_Passage25,PAIRED,RT-PCR,VIRAL RNA,Chikungunya virus,25 passages on Vero cells,ILLUMINA,2018-03-08T00:00:00Z,2018-03-07T17:45:00Z,1,Vero_Population14_Passage25,SRP134110
SRR6815110,AMPLICON,152,145190248,PRJNA437311,SAMN08648496,Viral,84041854,YALE UNIVERSITY,2016,public,"fastq,run.zq,sra","gs,ncbi,s3","gs.us-east1,ncbi.public,s3.us-east-1",SRX3772154,USA,North America,USA: Connecticut,Illumina HiSeq 2500,Vero_Population15_Passage25,laboratory tissue culture,Vero cell line,Vero_Population15_Passage25,PAIRED,RT-PCR,VIRAL RNA,Chikungunya virus,25 passages on Vero cells,ILLUMINA,2018-03-08T00:00:00Z,2018-03-07T17:45:00Z,1,Vero_Population15_Passage25,SRP134110
SRR6815111,AMPLICON,152,80689656,PRJNA437311,SAMN08648497,Viral,49038135,YALE UNIVERSITY,2016,public,"fastq,run.zq,sra","gs,ncbi,s3","gs.us-east1,ncbi.public,s3.us-east-1",SRX3772153,USA,North America,USA: Connecticut,Illumina HiSeq 2500,Vero_Population16_Passage25,laboratory tissue culture,Vero cell line,Vero_Population16_Passage25,PAIRED,RT-PCR,VIRAL RNA,Chikungunya virus,25 passages on Vero cells,ILLUMINA,2018-03-08T00:00:00Z,2018-03-07T17:45:00Z,1,Vero_Population16_Passage25,SRP134110
SRR6815112,AMPLICON,152,90745064,PRJNA437311,SAMN08648498,Viral,53779642,YALE UNIVERSITY,2016,public,"fastq,run.zq,sra","gs,ncbi,s3","gs.us-east1,ncbi.public,s3.us-east-1",SRX3772152,USA,North America,USA: Connecticut,Illumina HiSeq 2500,Vero_Population17_Passage25,laboratory tissue culture,Vero cell line,Vero_Population17_Passage25,PAIRED,RT-PCR,VIRAL RNA,Chikungunya virus,25 passages on Vero cells,ILLUMINA,2018-03-08T00:00:00Z,2018-03-07T17:46:00Z,1,Vero_Population17_Passage25,SRP134110
SRR6815113,AMPLICON,152,65029704,PRJNA437311,SAMN08648491,Viral,39485658,YALE UNIVERSITY,2016,public,"fastq,run.zq,sra","gs,ncbi,s3","gs.us-east1,ncbi.public,s3.us-east-1",SRX3772151,USA,North America,USA: Connecticut,Illumina HiSeq 2500,Vero_Population10_Passage25,laboratory tissue culture,Vero cell line,Vero_Population10_Passage25,PAIRED,RT-PCR,VIRAL RNA,Chikungunya virus,25 passages on Vero cells,ILLUMINA,2018-03-08T00:00:00Z,2018-03-07T17:46:00Z,1,Vero_Population10_Passage25,SRP134110
SRR6815115,AMPLICON,152,89923656,PRJNA437311,SAMN08648493,Viral,53871662,YALE UNIVERSITY,2016,public,"fastq,run.zq,sra","gs,ncbi,s3","gs.us-east1,ncbi.public,s3.us-east-1",SRX3772149,USA,North America,USA: Connecticut,Illumina HiSeq 2500,Vero_Population12_Passage25,laboratory tissue culture,Vero cell line,Vero_Population12_Passage25,PAIRED,RT-PCR,VIRAL RNA,Chikungunya virus,25 passages on Vero cells,ILLUMINA,2018-03-08T00:00:00Z,2018-03-07T17:46:00Z,1,Vero_Population12_Passage25,SRP134110
SRR6815116,AMPLICON,152,113243952,PRJNA437311,SAMN08648494,Viral,67932767,YALE UNIVERSITY,2016,public,"fastq,run.zq,sra","gs,ncbi,s3","gs.us-east1,ncbi.public,s3.us-east-1",SRX3772148,USA,North America,USA: Connecticut,Illumina HiSeq 2500,Vero_Population13_Passage25,laboratory tissue culture,Vero cell line,Vero_Population13_Passage25,PAIRED,RT-PCR,VIRAL RNA,Chikungunya virus,25 passages on Vero cells,ILLUMINA,2018-03-08T00:00:00Z,2018-03-07T17:46:00Z,1,Vero_Population13_Passage25,SRP134110
SRR6815117,AMPLICON,152,112940712,PRJNA437311,SAMN08648499,Viral,66570621,YALE UNIVERSITY,2016,public,"fastq,run.zq,sra","gs,ncbi,s3","gs.us-east1,ncbi.public,s3.us-east-1",SRX3772147,USA,North America,USA: Connecticut,Illumina HiSeq 2500,Vero_Population18_Passage25,laboratory tissue culture,Vero cell line,Vero_Population18_Passage25,PAIRED,RT-PCR,VIRAL RNA,Chikungunya virus,25 passages on Vero cells,ILLUMINA,2018-03-08T00:00:00Z,2018-03-07T17:46:00Z,1,Vero_Population18_Passage25,SRP134110
SRR6815118,AMPLICON,152,83714000,PRJNA437311,SAMN08648500,Viral,51587353,YALE UNIVERSITY,2016,public,"fastq,run.zq,sra","gs,ncbi,s3","gs.us-east1,ncbi.public,s3.us-east-1",SRX3772146,USA,North America,USA: Connecticut,Illumina HiSeq 2500,Vero_Population19_Passage25,laboratory tissue culture,Vero cell line,Vero_Population19_Passage25,PAIRED,RT-PCR,VIRAL RNA,Chikungunya virus,25 passages on Vero cells,ILLUMINA,2018-03-08T00:00:00Z,2018-03-07T17:46:00Z,1,Vero_Population19_Passage25,SRP134110
SRR6815119,AMPLICON,152,102349504,PRJNA437311,SAMN08648502,Viral,61670591,YALE UNIVERSITY,2016,public,"fastq,run.zq,sra","gs,ncbi,s3","gs.us-east1,ncbi.public,s3.us-east-1",SRX3772145,USA,North America,USA: Connecticut,Illumina HiSeq 2500,Vero_Population21_Passage25,laboratory tissue culture,Vero cell line,Vero_Population21_Passage25,PAIRED,RT-PCR,VIRAL RNA,Chikungunya virus,25 passages on Vero cells,ILLUMINA,2018-03-08T00:00:00Z,2018-03-07T17:46:00Z,1,Vero_Population21_Passage25,SRP134110
SRR6815120,AMPLICON,152,77904104,PRJNA437311,SAMN08648501,Viral,47400937,YALE UNIVERSITY,2016,public,"fastq,run.zq,sra","gs,ncbi,s3","gs.us-east1,ncbi.public,s3.us-east-1",SRX3772144,USA,North America,USA: Connecticut,Illumina HiSeq 2500,Vero_Population20_Passage25,laboratory tissue culture,Vero cell line,Vero_Population20_Passage25,PAIRED,RT-PCR,VIRAL RNA,Chikungunya virus,25 passages on Vero cells,ILLUMINA,2018-03-08T00:00:00Z,2018-03-07T17:46:00Z,1,Vero_Population20_Passage25,SRP134110
SRR6815123,AMPLICON,152,98051552,PRJNA437311,SAMN08648506,Viral,58088202,YALE UNIVERSITY,2016,public,"fastq,run.zq,sra","gs,ncbi,s3","gs.us-east1,ncbi.public,s3.us-east-1",SRX3772141,USA,North America,USA: Connecticut,Illumina HiSeq 2500,Alt_Population1_Passage25,laboratory tissue culture,Aag2 cell line,Alt_Population1_Passage25,PAIRED,RT-PCR,VIRAL RNA,Chikungunya virus,"25 passages alternating Aag2 cells and Vero cells, isolated from Aag2 cell passage",ILLUMINA,2018-03-08T00:00:00Z,2018-03-07T17:46:00Z,1,Alt_Population1_Passage25,SRP134110
SRR6815124,AMPLICON,152,139839088,PRJNA437311,SAMN08648505,Viral,82934502,YALE UNIVERSITY,2016,public,"fastq,run.zq,sra","gs,ncbi,s3","gs.us-east1,ncbi.public,s3.us-east-1",SRX3772140,USA,North America,USA: Connecticut,Illumina HiSeq 2500,Vero_Population24_Passage25,laboratory tissue culture,Vero cell line,Vero_Population24_Passage25,PAIRED,RT-PCR,VIRAL RNA,Chikungunya virus,25 passages on Vero cells,ILLUMINA,2018-03-08T00:00:00Z,2018-03-07T17:46:00Z,1,Vero_Population24_Passage25,SRP134110
SRR6815129,AMPLICON,152,95204744,PRJNA437311,SAMN08648528,Viral,57217155,YALE UNIVERSITY,2016,public,"fastq,run.zq,sra","gs,ncbi,s3","gs.us-east1,ncbi.public,s3.us-east-1",SRX3772135,USA,North America,USA: Connecticut,Illumina HiSeq 2500,Alt_Population23_Passage25,laboratory tissue culture,Aag2 cell line,Alt_Population23_Passage25,PAIRED,RT-PCR,VIRAL RNA,Chikungunya virus,"25 passages alternating Aag2 cells and Vero cells, isolated from Aag2 cell passage",ILLUMINA,2018-03-08T00:00:00Z,2018-03-07T17:47:00Z,1,Alt_Population23_Passage25,SRP134110
SRR6815130,AMPLICON,152,116026920,PRJNA437311,SAMN08648527,Viral,70516270,YALE UNIVERSITY,2016,public,"fastq,run.zq,sra","gs,ncbi,s3","gs.us-east1,ncbi.public,s3.us-east-1",SRX3772134,USA,North America,USA: Connecticut,Illumina HiSeq 2500,Alt_Population22_Passage25,laboratory tissue culture,Aag2 cell line,Alt_Population22_Passage25,PAIRED,RT-PCR,VIRAL RNA,Chikungunya virus,"25 passages alternating Aag2 cells and Vero cells, isolated from Aag2 cell passage",ILLUMINA,2018-03-08T00:00:00Z,2018-03-07T17:47:00Z,1,Alt_Population22_Passage25,SRP134110
SRR6815131,AMPLICON,152,108919248,PRJNA437311,SAMN08648526,Viral,66965788,YALE UNIVERSITY,2016,public,"fastq,run.zq,sra","gs,ncbi,s3","gs.us-east1,ncbi.public,s3.us-east-1",SRX3772133,USA,North America,USA: Connecticut,Illumina HiSeq 2500,Alt_Population21_Passage25,laboratory tissue culture,Aag2 cell line,Alt_Population21_Passage25,PAIRED,RT-PCR,VIRAL RNA,Chikungunya virus,"25 passages alternating Aag2 cells and Vero cells, isolated from Aag2 cell passage",ILLUMINA,2018-03-08T00:00:00Z,2018-03-07T17:47:00Z,1,Alt_Population21_Passage25,SRP134110
SRR6815132,AMPLICON,152,120869944,PRJNA437311,SAMN08648525,Viral,72768009,YALE UNIVERSITY,2016,public,"fastq,run.zq,sra","gs,ncbi,s3","gs.us-east1,ncbi.public,s3.us-east-1",SRX3772132,USA,North America,USA: Connecticut,Illumina HiSeq 2500,Alt_Population20_Passage25,laboratory tissue culture,Aag2 cell line,Alt_Population20_Passage25,PAIRED,RT-PCR,VIRAL RNA,Chikungunya virus,"25 passages alternating Aag2 cells and Vero cells, isolated from Aag2 cell passage",ILLUMINA,2018-03-08T00:00:00Z,2018-03-07T17:47:00Z,1,Alt_Population20_Passage25,SRP134110
SRR6815140,AMPLICON,152,65818584,PRJNA437311,SAMN08648482,Viral,41069420,YALE UNIVERSITY,2016,public,"fastq,run.zq,sra","gs,ncbi,s3","gs.us-east1,ncbi.public,s3.us-east-1",SRX3772124,USA,North America,USA: Connecticut,Illumina HiSeq 2500,Vero_Population1_Passage25,laboratory tissue culture,Vero cell line,Vero_Population1_Passage25,PAIRED,RT-PCR,VIRAL RNA,Chikungunya virus,25 passages on Vero cells,ILLUMINA,2018-03-08T00:00:00Z,2018-03-07T17:47:00Z,1,Vero_Population1_Passage25,SRP134110
SRR6815141,AMPLICON,152,80066304,PRJNA437311,SAMN08648483,Viral,48475840,YALE UNIVERSITY,2016,public,"fastq,run.zq,sra","gs,ncbi,s3","gs.us-east1,ncbi.public,s3.us-east-1",SRX3772123,USA,North America,USA: Connecticut,Illumina HiSeq 2500,Vero_Population2_Passage25,laboratory tissue culture,Vero cell line,Vero_Population2_Passage25,PAIRED,RT-PCR,VIRAL RNA,Chikungunya virus,25 passages on Vero cells,ILLUMINA,2018-03-08T00:00:00Z,2018-03-07T17:47:00Z,1,Vero_Population2_Passage25,SRP134110
SRR6815142,AMPLICON,152,128606288,PRJNA437311,SAMN08648484,Viral,78334681,YALE UNIVERSITY,2016,public,"fastq,run.zq,sra","gs,ncbi,s3","gs.us-east1,ncbi.public,s3.us-east-1",SRX3772122,USA,North America,USA: Connecticut,Illumina HiSeq 2500,Vero_Population3_Passage25,laboratory tissue culture,Vero cell line,Vero_Population3_Passage25,PAIRED,RT-PCR,VIRAL RNA,Chikungunya virus,25 passages on Vero cells,ILLUMINA,2018-03-08T00:00:00Z,2018-03-07T17:47:00Z,1,Vero_Population3_Passage25,SRP134110
SRR6815145,AMPLICON,152,112817744,PRJNA437311,SAMN08648487,Viral,67483269,YALE UNIVERSITY,2016,public,"fastq,run.zq,sra","gs,ncbi,s3","gs.us-east1,ncbi.public,s3.us-east-1",SRX3772119,USA,North America,USA: Connecticut,Illumina HiSeq 2500,Vero_Population6_Passage25,laboratory tissue culture,Vero cell line,Vero_Population6_Passage25,PAIRED,RT-PCR,VIRAL RNA,Chikungunya virus,25 passages on Vero cells,ILLUMINA,2018-03-08T00:00:00Z,2018-03-07T17:47:00Z,1,Vero_Population6_Passage25,SRP134110
SRR6815146,AMPLICON,152,90868488,PRJNA437311,SAMN08648488,Viral,54196900,YALE UNIVERSITY,2016,public,"fastq,run.zq,sra","gs,ncbi,s3","gs.us-east1,ncbi.public,s3.us-east-1",SRX3772118,USA,North America,USA: Connecticut,Illumina HiSeq 2500,Vero_Population7_Passage25,laboratory tissue culture,Vero cell line,Vero_Population7_Passage25,PAIRED,RT-PCR,VIRAL RNA,Chikungunya virus,25 passages on Vero cells,ILLUMINA,2018-03-08T00:00:00Z,2018-03-07T17:47:00Z,1,Vero_Population7_Passage25,SRP134110
SRR6815147,AMPLICON,152,82043824,PRJNA437311,SAMN08648489,Viral,49591440,YALE UNIVERSITY,2016,public,"fastq,run.zq,sra","gs,ncbi,s3","gs.us-east1,ncbi.public,s3.us-east-1",SRX3772117,USA,North America,USA: Connecticut,Illumina HiSeq 2500,Vero_Population8_Passage25,laboratory tissue culture,Vero cell line,Vero_Population8_Passage25,PAIRED,RT-PCR,VIRAL RNA,Chikungunya virus,25 passages on Vero cells,ILLUMINA,2018-03-08T00:00:00Z,2018-03-07T17:47:00Z,1,Vero_Population8_Passage25,SRP134110
SRR6815148,AMPLICON,152,66860392,PRJNA437311,SAMN08648490,Viral,40415896,YALE UNIVERSITY,2016,public,"fastq,run.zq,sra","gs,ncbi,s3","gs.us-east1,ncbi.public,s3.us-east-1",SRX3772116,USA,North America,USA: Connecticut,Illumina HiSeq 2500,Vero_Population9_Passage25,laboratory tissue culture,Vero cell line,Vero_Population9_Passage25,PAIRED,RT-PCR,VIRAL RNA,Chikungunya virus,25 passages on Vero cells,ILLUMINA,2018-03-08T00:00:00Z,2018-03-07T17:47:00Z,1,Vero_Population9_Passage25,SRP134110
SRR6815151,AMPLICON,152,121597264,PRJNA437311,SAMN08648511,Viral,73154699,YALE UNIVERSITY,2016,public,"fastq,run.zq,sra","gs,ncbi,s3","gs.us-east1,ncbi.public,s3.us-east-1",SRX3772113,USA,North America,USA: Connecticut,Illumina HiSeq 2500,Alt_Population6_Passage25,laboratory tissue culture,Aag2 cell line,Alt_Population6_Passage25,PAIRED,RT-PCR,VIRAL RNA,Chikungunya virus,"25 passages alternating Aag2 cells and Vero cells, isolated from Aag2 cell passage",ILLUMINA,2018-03-08T00:00:00Z,2018-03-07T17:48:00Z,1,Alt_Population6_Passage25,SRP134110
SRR6815152,AMPLICON,152,83269400,PRJNA437311,SAMN08648512,Viral,49782867,YALE UNIVERSITY,2016,public,"fastq,run.zq,sra","gs,ncbi,s3","gs.us-east1,ncbi.public,s3.us-east-1",SRX3772112,USA,North America,USA: Connecticut,Illumina HiSeq 2500,Alt_Population7_Passage25,laboratory tissue culture,Aag2 cell line,Alt_Population7_Passage25,PAIRED,RT-PCR,VIRAL RNA,Chikungunya virus,"25 passages alternating Aag2 cells and Vero cells, isolated from Aag2 cell passage",ILLUMINA,2018-03-08T00:00:00Z,2018-03-07T17:48:00Z,1,Alt_Population7_Passage25,SRP134110
SRR6815153,AMPLICON,152,116210536,PRJNA437311,SAMN08648517,Viral,69706255,YALE UNIVERSITY,2016,public,"fastq,run.zq,sra","gs,ncbi,s3","gs.us-east1,ncbi.public,s3.us-east-1",SRX3772111,USA,North America,USA: Connecticut,Illumina HiSeq 2500,Alt_Population12_Passage25,laboratory tissue culture,Aag2 cell line,Alt_Population12_Passage25,PAIRED,RT-PCR,VIRAL RNA,Chikungunya virus,"25 passages alternating Aag2 cells and Vero cells, isolated from Aag2 cell passage",ILLUMINA,2018-03-08T00:00:00Z,2018-03-07T17:48:00Z,1,Alt_Population12_Passage25,SRP134110
SRR6815156,AMPLICON,152,106787144,PRJNA437311,SAMN08648516,Viral,64775024,YALE UNIVERSITY,2016,public,"fastq,run.zq,sra","gs,ncbi,s3","gs.us-east1,ncbi.public,s3.us-east-1",SRX3772108,USA,North America,USA: Connecticut,Illumina HiSeq 2500,Alt_Population11_Passage25,laboratory tissue culture,Aag2 cell line,Alt_Population11_Passage25,PAIRED,RT-PCR,VIRAL RNA,Chikungunya virus,"25 passages alternating Aag2 cells and Vero cells, isolated from Aag2 cell passage",ILLUMINA,2018-03-08T00:00:00Z,2018-03-07T17:48:00Z,1,Alt_Population11_Passage25,SRP134110
SRR6815157,AMPLICON,152,154600568,PRJNA437311,SAMN08648519,Viral,93266873,YALE UNIVERSITY,2016,public,"fastq,run.zq,sra","gs,ncbi,s3","gs.us-east1,ncbi.public,s3.us-east-1",SRX3772107,USA,North America,USA: Connecticut,Illumina HiSeq 2500,Alt_Population14_Passage25,laboratory tissue culture,Aag2 cell line,Alt_Population14_Passage25,PAIRED,RT-PCR,VIRAL RNA,Chikungunya virus,"25 passages alternating Aag2 cells and Vero cells, isolated from Aag2 cell passage",ILLUMINA,2018-03-08T00:00:00Z,2018-03-07T17:48:00Z,1,Alt_Population14_Passage25,SRP134110
SRR6815158,AMPLICON,152,102276848,PRJNA437311,SAMN08648520,Viral,60639888,YALE UNIVERSITY,2016,public,"fastq,run.zq,sra","gs,ncbi,s3","gs.us-east1,ncbi.public,s3.us-east-1",SRX3772106,USA,North America,USA: Connecticut,Illumina HiSeq 2500,Alt_Population15_Passage25,laboratory tissue culture,Aag2 cell line,Alt_Population15_Passage25,PAIRED,RT-PCR,VIRAL RNA,Chikungunya virus,"25 passages alternating Aag2 cells and Vero cells, isolated from Aag2 cell passage",ILLUMINA,2018-03-08T00:00:00Z,2018-03-07T17:48:00Z,1,Alt_Population15_Passage25,SRP134110
SRR6815159,AMPLICON,152,81059624,PRJNA437311,SAMN08648531,Viral,48833436,YALE UNIVERSITY,2016,public,"fastq,run.zq,sra","gs,ncbi,s3","gs.us-east1,ncbi.public,s3.us-east-1",SRX3772105,USA,North America,USA: Connecticut,Illumina HiSeq 2500,Alt_Population2_Passage24,laboratory tissue culture,Vero cell line,Alt_Population2_Passage24,PAIRED,RT-PCR,VIRAL RNA,Chikungunya virus,"24 passages alternating Aag2 cells and Vero cells, isolated from Vero cell passage",ILLUMINA,2018-03-08T00:00:00Z,2018-03-07T17:48:00Z,1,Alt_Population2_Passage24,SRP134110
SRR6815160,AMPLICON,152,107727872,PRJNA437311,SAMN08648532,Viral,64598008,YALE UNIVERSITY,2016,public,"fastq,run.zq,sra","gs,ncbi,s3","gs.us-east1,ncbi.public,s3.us-east-1",SRX3772104,USA,North America,USA: Connecticut,Illumina HiSeq 2500,Alt_Population3_Passage24,laboratory tissue culture,Vero cell line,Alt_Population3_Passage24,PAIRED,RT-PCR,VIRAL RNA,Chikungunya virus,"24 passages alternating Aag2 cells and Vero cells, isolated from Vero cell passage",ILLUMINA,2018-03-08T00:00:00Z,2018-03-07T17:48:00Z,1,Alt_Population3_Passage24,SRP134110
SRR6815161,AMPLICON,152,107734408,PRJNA437311,SAMN08648533,Viral,64834657,YALE UNIVERSITY,2016,public,"fastq,run.zq,sra","gs,ncbi,s3","gs.us-east1,ncbi.public,s3.us-east-1",SRX3772103,USA,North America,USA: Connecticut,Illumina HiSeq 2500,Alt_Population4_Passage24,laboratory tissue culture,Vero cell line,Alt_Population4_Passage24,PAIRED,RT-PCR,VIRAL RNA,Chikungunya virus,"24 passages alternating Aag2 cells and Vero cells, isolated from Vero cell passage",ILLUMINA,2018-03-08T00:00:00Z,2018-03-07T17:48:00Z,1,Alt_Population4_Passage24,SRP134110
SRR6815162,AMPLICON,152,117279552,PRJNA437311,SAMN08648534,Viral,70912328,YALE UNIVERSITY,2016,public,"fastq,run.zq,sra","gs,ncbi,s3","gs.us-east1,ncbi.public,s3.us-east-1",SRX3772102,USA,North America,USA: Connecticut,Illumina HiSeq 2500,Alt_Population5_Passage24,laboratory tissue culture,Vero cell line,Alt_Population5_Passage24,PAIRED,RT-PCR,VIRAL RNA,Chikungunya virus,"24 passages alternating Aag2 cells and Vero cells, isolated from Vero cell passage",ILLUMINA,2018-03-08T00:00:00Z,2018-03-07T17:48:00Z,1,Alt_Population5_Passage24,SRP134110
SRR6815163,AMPLICON,152,104662336,PRJNA437311,SAMN08648535,Viral,63527618,YALE UNIVERSITY,2016,public,"fastq,run.zq,sra","gs,ncbi,s3","gs.us-east1,ncbi.public,s3.us-east-1",SRX3772101,USA,North America,USA: Connecticut,Illumina HiSeq 2500,Alt_Population6_Passage24,laboratory tissue culture,Vero cell line,Alt_Population6_Passage24,PAIRED,RT-PCR,VIRAL RNA,Chikungunya virus,"24 passages alternating Aag2 cells and Vero cells, isolated from Vero cell passage",ILLUMINA,2018-03-08T00:00:00Z,2018-03-07T17:48:00Z,1,Alt_Population6_Passage24,SRP134110
SRR6815164,AMPLICON,86,53136844,PRJNA437311,SAMN08648536,Viral,41615005,YALE UNIVERSITY,2016,public,"fastq,run.zq,sra","gs,ncbi,s3","gs.us-east1,ncbi.public,s3.us-east-1",SRX3772100,USA,North America,USA: Connecticut,Illumina HiSeq 2500,Alt_Population7_Passage24,laboratory tissue culture,Vero cell line,Alt_Population7_Passage24,PAIRED,RT-PCR,VIRAL RNA,Chikungunya virus,"24 passages alternating Aag2 cells and Vero cells, isolated from Vero cell passage",ILLUMINA,2018-03-09T00:00:00Z,2018-03-09T12:58:00Z,1,Alt_Population7_Passage24,SRP134110
SRR6815165,AMPLICON,152,143610816,PRJNA437311,SAMN08648537,Viral,85397415,YALE UNIVERSITY,2016,public,"fastq,run.zq,sra","gs,ncbi,s3","gs.us-east1,ncbi.public,s3.us-east-1",SRX3772099,USA,North America,USA: Connecticut,Illumina HiSeq 2500,Alt_Population8_Passage24,laboratory tissue culture,Vero cell line,Alt_Population8_Passage24,PAIRED,RT-PCR,VIRAL RNA,Chikungunya virus,"24 passages alternating Aag2 cells and Vero cells, isolated from Vero cell passage",ILLUMINA,2018-03-08T00:00:00Z,2018-03-07T17:48:00Z,1,Alt_Population8_Passage24,SRP134110
SRR6815166,AMPLICON,152,104755512,PRJNA437311,SAMN08648538,Viral,62932025,YALE UNIVERSITY,2016,public,"fastq,run.zq,sra","gs,ncbi,s3","gs.us-east1,ncbi.public,s3.us-east-1",SRX3772098,USA,North America,USA: Connecticut,Illumina HiSeq 2500,Alt_Population9_Passage24,laboratory tissue culture,Vero cell line,Alt_Population9_Passage24,PAIRED,RT-PCR,VIRAL RNA,Chikungunya virus,"24 passages alternating Aag2 cells and Vero cells, isolated from Vero cell passage",ILLUMINA,2018-03-08T00:00:00Z,2018-03-07T17:48:00Z,1,Alt_Population9_Passage24,SRP134110
SRR6815167,AMPLICON,152,170595680,PRJNA437311,SAMN08648539,Viral,98587880,YALE UNIVERSITY,2016,public,"fastq,run.zq,sra","gs,ncbi,s3","gs.us-east1,ncbi.public,s3.us-east-1",SRX3772097,USA,North America,USA: Connecticut,Illumina HiSeq 2500,Alt_Population10_Passage24,laboratory tissue culture,Vero cell line,Alt_Population10_Passage24,PAIRED,RT-PCR,VIRAL RNA,Chikungunya virus,"24 passages alternating Aag2 cells and Vero cells, isolated from Vero cell passage",ILLUMINA,2018-03-08T00:00:00Z,2018-03-07T17:48:00Z,1,Alt_Population10_Passage24,SRP134110
SRR6815168,AMPLICON,152,66747000,PRJNA437311,SAMN08648540,Viral,41223183,YALE UNIVERSITY,2016,public,"fastq,run.zq,sra","gs,ncbi,s3","gs.us-east1,ncbi.public,s3.us-east-1",SRX3772096,USA,North America,USA: Connecticut,Illumina HiSeq 2500,Alt_Population11_Passage24,laboratory tissue culture,Vero cell line,Alt_Population11_Passage24,PAIRED,RT-PCR,VIRAL RNA,Chikungunya virus,"24 passages alternating Aag2 cells and Vero cells, isolated from Vero cell passage",ILLUMINA,2018-03-08T00:00:00Z,2018-03-07T17:48:00Z,1,Alt_Population11_Passage24,SRP134110
SRR6815169,AMPLICON,152,81000648,PRJNA437311,SAMN08648550,Viral,49687349,YALE UNIVERSITY,2016,public,"fastq,run.zq,sra","gs,ncbi,s3","gs.us-east1,ncbi.public,s3.us-east-1",SRX3772095,USA,North America,USA: Connecticut,Illumina HiSeq 2500,Alt_Population21_Passage24,laboratory tissue culture,Vero cell line,Alt_Population21_Passage24,PAIRED,RT-PCR,VIRAL RNA,Chikungunya virus,"24 passages alternating Aag2 cells and Vero cells, isolated from Vero cell passage",ILLUMINA,2018-03-08T00:00:00Z,2018-03-07T17:48:00Z,1,Alt_Population21_Passage24,SRP134110
SRR6815174,AMPLICON,152,64019968,PRJNA437311,SAMN08648547,Viral,38678257,YALE UNIVERSITY,2016,public,"fastq,run.zq,sra","gs,ncbi,s3","gs.us-east1,ncbi.public,s3.us-east-1",SRX3772090,USA,North America,USA: Connecticut,Illumina HiSeq 2500,Alt_Population18_Passage24,laboratory tissue culture,Vero cell line,Alt_Population18_Passage24,PAIRED,RT-PCR,VIRAL RNA,Chikungunya virus,"24 passages alternating Aag2 cells and Vero cells, isolated from Vero cell passage",ILLUMINA,2018-03-08T00:00:00Z,2018-03-07T17:48:00Z,1,Alt_Population18_Passage24,SRP134110
SRR6815175,AMPLICON,152,94976136,PRJNA437311,SAMN08648542,Viral,57747065,YALE UNIVERSITY,2016,public,"fastq,run.zq,sra","gs,ncbi,s3","gs.us-east1,ncbi.public,s3.us-east-1",SRX3772089,USA,North America,USA: Connecticut,Illumina HiSeq 2500,Alt_Population13_Passage24,laboratory tissue culture,Vero cell line,Alt_Population13_Passage24,PAIRED,RT-PCR,VIRAL RNA,Chikungunya virus,"24 passages alternating Aag2 cells and Vero cells, isolated from Vero cell passage",ILLUMINA,2018-03-08T00:00:00Z,2018-03-07T17:48:00Z,1,Alt_Population13_Passage24,SRP134110
SRR6815176,AMPLICON,152,132975224,PRJNA437311,SAMN08648541,Viral,78974434,YALE UNIVERSITY,2016,public,"fastq,run.zq,sra","gs,ncbi,s3","gs.us-east1,ncbi.public,s3.us-east-1",SRX3772088,USA,North America,USA: Connecticut,Illumina HiSeq 2500,Alt_Population12_Passage24,laboratory tissue culture,Vero cell line,Alt_Population12_Passage24,PAIRED,RT-PCR,VIRAL RNA,Chikungunya virus,"24 passages alternating Aag2 cells and Vero cells, isolated from Vero cell passage",ILLUMINA,2018-03-08T00:00:00Z,2018-03-07T17:48:00Z,1,Alt_Population12_Passage24,SRP134110
SRR6815177,AMPLICON,152,76431984,PRJNA437311,SAMN08648544,Viral,46093090,YALE UNIVERSITY,2016,public,"fastq,run.zq,sra","gs,ncbi,s3","gs.us-east1,ncbi.public,s3.us-east-1",SRX3772087,USA,North America,USA: Connecticut,Illumina HiSeq 2500,Alt_Population15_Passage24,laboratory tissue culture,Vero cell line,Alt_Population15_Passage24,PAIRED,RT-PCR,VIRAL RNA,Chikungunya virus,"24 passages alternating Aag2 cells and Vero cells, isolated from Vero cell passage",ILLUMINA,2018-03-08T00:00:00Z,2018-03-07T17:48:00Z,1,Alt_Population15_Passage24,SRP134110
SRR6815178,AMPLICON,152,86612336,PRJNA437311,SAMN08648543,Viral,52941352,YALE UNIVERSITY,2016,public,"fastq,run.zq,sra","gs,ncbi,s3","gs.us-east1,ncbi.public,s3.us-east-1",SRX3772086,USA,North America,USA: Connecticut,Illumina HiSeq 2500,Alt_Population14_Passage24,laboratory tissue culture,Vero cell line,Alt_Population14_Passage24,PAIRED,RT-PCR,VIRAL RNA,Chikungunya virus,"24 passages alternating Aag2 cells and Vero cells, isolated from Vero cell passage",ILLUMINA,2018-03-08T00:00:00Z,2018-03-07T17:48:00Z,1,Alt_Population14_Passage24,SRP134110
SRR6815186,AMPLICON,152,116524264,PRJNA437311,SAMN08648565,Viral,69549938,YALE UNIVERSITY,2016,public,"fastq,run.zq,sra","gs,ncbi,s3","gs.us-east1,ncbi.public,s3.us-east-1",SRX3772078,USA,North America,USA: Connecticut,Illumina HiSeq 2500,Aag2_Population12_Passage7,laboratory tissue culture,Aag2 cell line,Aag2_Population12_Passage7,PAIRED,RT-PCR,VIRAL RNA,Chikungunya virus,7 passages on Aag2 cells,ILLUMINA,2018-03-08T00:00:00Z,2018-03-07T17:49:00Z,1,Aag2_Population12_Passage7,SRP134110
SRR6815187,AMPLICON,152,50536200,PRJNA437311,SAMN08648570,Viral,30284066,YALE UNIVERSITY,2016,public,"fastq,run.zq,sra","gs,ncbi,s3","gs.us-east1,ncbi.public,s3.us-east-1",SRX3772077,USA,North America,USA: Connecticut,Illumina HiSeq 2500,Aag2_Population17_Passage7,laboratory tissue culture,Aag2 cell line,Aag2_Population17_Passage7,PAIRED,RT-PCR,VIRAL RNA,Chikungunya virus,7 passages on Aag2 cells,ILLUMINA,2018-03-08T00:00:00Z,2018-03-07T17:49:00Z,1,Aag2_Population17_Passage7,SRP134110
SRR6815188,AMPLICON,152,132560416,PRJNA437311,SAMN08648569,Viral,78088045,YALE UNIVERSITY,2016,public,"fastq,run.zq,sra","gs,ncbi,s3","gs.us-east1,ncbi.public,s3.us-east-1",SRX3772076,USA,North America,USA: Connecticut,Illumina HiSeq 2500,Aag2_Population16_Passage7,laboratory tissue culture,Aag2 cell line,Aag2_Population16_Passage7,PAIRED,RT-PCR,VIRAL RNA,Chikungunya virus,7 passages on Aag2 cells,ILLUMINA,2018-03-08T00:00:00Z,2018-03-07T17:49:00Z,1,Aag2_Population16_Passage7,SRP134110
SRR6815189,AMPLICON,152,117150504,PRJNA437311,SAMN08648559,Viral,70438281,YALE UNIVERSITY,2016,public,"fastq,run.zq,sra","gs,ncbi,s3","gs.us-east1,ncbi.public,s3.us-east-1",SRX3772075,USA,North America,USA: Connecticut,Illumina HiSeq 2500,Aag2_Population6_Passage7,laboratory tissue culture,Aag2 cell line,Aag2_Population6_Passage7,PAIRED,RT-PCR,VIRAL RNA,Chikungunya virus,7 passages on Aag2 cells,ILLUMINA,2018-03-08T00:00:00Z,2018-03-07T17:49:00Z,1,Aag2_Population6_Passage7,SRP134110
SRR6815192,AMPLICON,152,132373608,PRJNA437311,SAMN08648558,Viral,79534849,YALE UNIVERSITY,2016,public,"fastq,run.zq,sra","gs,ncbi,s3","gs.us-east1,ncbi.public,s3.us-east-1",SRX3772072,USA,North America,USA: Connecticut,Illumina HiSeq 2500,Aag2_Population5_Passage7,laboratory tissue culture,Aag2 cell line,Aag2_Population5_Passage7,PAIRED,RT-PCR,VIRAL RNA,Chikungunya virus,7 passages on Aag2 cells,ILLUMINA,2018-03-08T00:00:00Z,2018-03-07T17:49:00Z,1,Aag2_Population5_Passage7,SRP134110
SRR6815193,AMPLICON,152,113699800,PRJNA437311,SAMN08648555,Viral,67955469,YALE UNIVERSITY,2016,public,"fastq,run.zq,sra","gs,ncbi,s3","gs.us-east1,ncbi.public,s3.us-east-1",SRX3772071,USA,North America,USA: Connecticut,Illumina HiSeq 2500,Aag2_Population2_Passage7,laboratory tissue culture,Aag2 cell line,Aag2_Population2_Passage7,PAIRED,RT-PCR,VIRAL RNA,Chikungunya virus,7 passages on Aag2 cells,ILLUMINA,2018-03-08T00:00:00Z,2018-03-07T17:49:00Z,1,Aag2_Population2_Passage7,SRP134110
SRR6815194,AMPLICON,152,117388688,PRJNA437311,SAMN08648556,Viral,70644721,YALE UNIVERSITY,2016,public,"fastq,run.zq,sra","gs,ncbi,s3","gs.us-east1,ncbi.public,s3.us-east-1",SRX3772070,USA,North America,USA: Connecticut,Illumina HiSeq 2500,Aag2_Population3_Passage7,laboratory tissue culture,Aag2 cell line,Aag2_Population3_Passage7,PAIRED,RT-PCR,VIRAL RNA,Chikungunya virus,7 passages on Aag2 cells,ILLUMINA,2018-03-08T00:00:00Z,2018-03-07T17:49:00Z,1,Aag2_Population3_Passage7,SRP134110
SRR6815195,AMPLICON,152,94579264,PRJNA437311,SAMN08648553,Viral,56812724,YALE UNIVERSITY,2016,public,"fastq,run.zq,sra","gs,ncbi,s3","gs.us-east1,ncbi.public,s3.us-east-1",SRX3772069,USA,North America,USA: Connecticut,Illumina HiSeq 2500,Alt_Population24_Passage24,laboratory tissue culture,Vero cell line,Alt_Population24_Passage24,PAIRED,RT-PCR,VIRAL RNA,Chikungunya virus,"24 passages alternating Aag2 cells and Vero cells, isolated from Vero cell passage",ILLUMINA,2018-03-08T00:00:00Z,2018-03-07T17:49:00Z,1,Alt_Population24_Passage24,SRP134110
SRR6815196,AMPLICON,152,109691104,PRJNA437311,SAMN08648554,Viral,65080337,YALE UNIVERSITY,2016,public,"fastq,run.zq,sra","gs,ncbi,s3","gs.us-east1,ncbi.public,s3.us-east-1",SRX3772068,USA,North America,USA: Connecticut,Illumina HiSeq 2500,Aag2_Population1_Passage7,laboratory tissue culture,Aag2 cell line,Aag2_Population1_Passage7,PAIRED,RT-PCR,VIRAL RNA,Chikungunya virus,7 passages on Aag2 cells,ILLUMINA,2018-03-08T00:00:00Z,2018-03-07T17:49:00Z,1,Aag2_Population1_Passage7,SRP134110
