site,wildtype,sequential_site,region,protein_site,domain,6nk6_chain,6nk7_chain,contacts,entry in 293T_Mxra8 cells,entry in C636 cells,entry in 293T_TIM1 cells,binding to mouse Mxra8
-1(E3),M,1,E3,,,,,,-7.5520,-7.5275,-7.5390,
1(E3),S,2,E3,1,E3,,"U,V,W,X",no,-0.3709,-0.4892,-0.2693,-0.1108
2(E3),L,3,E3,2,E3,,"U,V,W,X",no,-2.3392,-2.2750,-1.7220,0.1605
3(E3),A,4,E3,3,E3,,"U,V,W,X",no,-1.4419,-1.3737,-1.1589,-0.1620
4(E3),I,5,E3,4,E3,,"U,V,W,X",no,-5.6925,-5.5387,-5.4951,-0.0608
5(E3),P,6,E3,5,E3,,"U,V,W,X",no,-2.2519,-2.0516,-1.4621,0.0189
6(E3),V,7,E3,6,E3,,"U,V,W,X",no,-5.3876,-5.3515,-5.1269,0.1936
7(E3),M,8,E3,7,E3,,"U,V,W,X",no,-5.0236,-4.8586,-4.7328,-0.1130
8(E3),C,9,E3,8,E3,,"U,V,W,X",no,-5.0423,-5.0756,-4.6335,-0.3483
9(E3),L,10,E3,9,E3,,"U,V,W,X",no,-5.2013,-5.0961,-4.9342,-0.0162
10(E3),L,11,E3,10,E3,,"U,V,W,X",no,-6.7936,-6.7149,-6.6369,-0.3139
11(E3),A,12,E3,11,E3,,"U,V,W,X",no,-3.1205,-2.9857,-2.7835,0.1497
12(E3),N,13,E3,12,E3,,"U,V,W,X",no,-2.7851,-2.8247,-2.2233,-0.0499
13(E3),T,14,E3,13,E3,,"U,V,W,X",no,-3.1973,-3.1895,-2.9188,0.0062
14(E3),T,15,E3,14,E3,,"U,V,W,X",no,-0.7746,-0.7933,-0.4885,-0.0490
15(E3),F,16,E3,15,E3,,"U,V,W,X",no,-2.0760,-2.3079,-1.4918,-0.1791
16(E3),P,17,E3,16,E3,,"U,V,W,X",no,-0.0476,-0.1720,-0.0394,-0.1801
17(E3),C,18,E3,17,E3,,"U,V,W,X",no,-1.8190,-2.1234,-1.1960,-0.0965
18(E3),S,19,E3,18,E3,,"U,V,W,X",no,-0.1581,-0.1443,-0.1434,-0.0727
19(E3),Q,20,E3,19,E3,,"U,V,W,X",no,-0.5397,-0.4996,-0.2688,-0.0530
20(E3),P,21,E3,20,E3,,"U,V,W,X",no,-2.3296,-2.4975,-1.4134,-0.1005
21(E3),P,22,E3,21,E3,,"U,V,W,X",no,-0.3911,-0.5140,-0.3575,-0.1696
22(E3),C,23,E3,22,E3,,"U,V,W,X",no,-1.2091,-1.4121,-0.7560,-0.0089
23(E3),T,24,E3,23,E3,,"U,V,W,X",no,-0.0220,-0.0571,-0.0041,-0.1351
24(E3),P,25,E3,24,E3,,"U,V,W,X",no,-0.8633,-0.8720,-0.5913,-0.0567
25(E3),C,26,E3,25,E3,,"U,V,W,X",no,-2.1597,-2.1749,-1.5380,0.0443
26(E3),C,27,E3,26,E3,,"U,V,W,X",no,-3.0322,-3.1924,-2.0157,0.0792
27(E3),Y,28,E3,27,E3,,"U,V,W,X",no,-4.5348,-4.3868,-3.6187,0.1871
28(E3),E,29,E3,28,E3,,"U,V,W,X",no,-0.8656,-0.9210,-0.5844,-0.1983
29(E3),K,30,E3,29,E3,,"U,V,W,X",no,-0.2606,-0.2698,-0.1725,-0.1626
30(E3),E,31,E3,30,E3,,"U,V,W,X",no,-0.6262,-0.6518,-0.5981,0.0762
31(E3),P,32,E3,31,E3,,"U,V,W,X",no,-1.2024,-1.2883,-0.9134,0.0338
32(E3),E,33,E3,32,E3,,"U,V,W,X",no,-0.2356,-0.2690,-0.1707,-0.1122
33(E3),K,34,E3,33,E3,,"U,V,W,X",no,-0.0394,-0.1037,-0.0442,0.0610
34(E3),T,35,E3,34,E3,,"U,V,W,X",no,-3.2501,-3.2117,-2.6187,0.1290
35(E3),L,36,E3,35,E3,,"U,V,W,X",no,-4.5872,-4.4548,-4.1862,0.4544
36(E3),R,37,E3,36,E3,,"U,V,W,X",no,-0.3648,-0.3607,-0.2577,-0.0383
37(E3),M,38,E3,37,E3,,"U,V,W,X",no,-1.8654,-2.0334,-1.3158,-0.0578
38(E3),L,39,E3,38,E3,,"U,V,W,X",no,-2.9256,-2.9800,-2.5580,-0.0558
39(E3),E,40,E3,39,E3,,"U,V,W,X",no,-3.7193,-3.6051,-2.9647,0.2601
40(E3),D,41,E3,40,E3,,"U,V,W,X",no,-0.2478,-0.3397,-0.1983,-0.0898
41(E3),N,42,E3,41,E3,,"U,V,W,X",no,-2.4485,-2.5489,-1.7676,-0.0570
42(E3),V,43,E3,42,E3,,"U,V,W,X",no,-0.5247,-0.5053,-0.3813,-0.0624
43(E3),M,44,E3,43,E3,,"U,V,W,X",no,-0.2048,-0.1394,-0.2012,0.1115
44(E3),S,45,E3,44,E3,,"U,V,W,X",no,-0.3426,-0.3842,-0.2178,-0.1537
45(E3),P,46,E3,45,E3,,"U,V,W,X",no,-0.2118,-0.1935,-0.0848,-0.1236
46(E3),G,47,E3,46,E3,,"U,V,W,X",no,-0.6297,-0.8427,-0.4406,-0.1973
47(E3),Y,48,E3,47,E3,,"U,V,W,X",no,-5.9938,-5.6045,-5.1327,0.6315
48(E3),Y,49,E3,48,E3,,"U,V,W,X",no,-2.1248,-2.3248,-1.4199,0.0446
49(E3),Q,50,E3,49,E3,,"U,V,W,X",no,-0.0327,0.0653,-0.0064,-0.0992
50(E3),L,51,E3,50,E3,,"U,V,W,X",no,-3.1263,-3.2303,-2.4941,-0.2083
51(E3),L,52,E3,51,E3,,"U,V,W,X",no,-2.3252,-2.4936,-1.9803,-0.0306
52(E3),Q,53,E3,52,E3,,"U,V,W,X",no,-0.0602,-0.1165,-0.0372,-0.1726
53(E3),A,54,E3,53,E3,,"U,V,W,X",no,-0.5714,-0.5328,-0.4001,-0.0785
54(E3),S,55,E3,54,E3,,"U,V,W,X",no,-2.0665,-2.2826,-1.7850,-0.1587
55(E3),L,56,E3,55,E3,,"U,V,W,X",no,-3.1302,-3.3058,-2.6867,0.0721
56(E3),T,57,E3,56,E3,,"U,V,W,X",no,-0.2955,-0.1697,-0.1489,-0.0120
57(E3),C,58,E3,57,E3,,"U,V,W,X",no,-1.3737,-1.6514,-1.0803,-0.1376
58(E3),S,59,E3,58,E3,,"U,V,W,X",no,-0.0691,-0.1080,-0.0309,0.0006
59(E3),P,60,E3,59,E3,,"U,V,W,X",no,0.0139,-0.0105,0.0960,-0.2423
60(E3),R,61,E3,60,E3,,"U,V,W,X",no,-0.1793,-0.1666,-0.0770,-0.0244
61(E3),R,62,E3,61,E3,,"U,V,W,X",no,-2.5593,-1.7225,-2.2468,0.1280
62(E3),Q,63,E3,62,E3,,"U,V,W,X",no,-0.1106,-0.0405,-0.0459,-0.1461
63(E3),R,64,E3,63,E3,,"U,V,W,X",no,-0.3006,-0.2073,-0.1311,-0.0236
64(E3),R,65,E3,64,E3,,"U,V,W,X",no,-3.7151,-4.1770,-3.1247,0.3690
1(E2),S,66,E2,1,E2-n-linker,"E,F,G,H","E,F,G,H",no,-2.1937,-3.2370,-1.5474,0.0196
2(E2),I,67,E2,2,E2-n-linker,"E,F,G,H","E,F,G,H",no,-0.6629,-1.6549,-0.4429,-0.2399
3(E2),K,68,E2,3,E2-n-linker,"E,F,G,H","E,F,G,H",no,-0.7155,-1.1818,-0.1304,-0.4037
4(E2),D,69,E2,4,E2-n-linker,"E,F,G,H","E,F,G,H",no,-1.6560,-2.8291,-1.2913,0.0728
5(E2),N,70,E2,5,E2-n-linker,"E,F,G,H","E,F,G,H",intraspike,-0.2572,-1.0159,-0.0951,-0.3400
6(E2),F,71,E2,6,E2-n-linker,"E,F,G,H","E,F,G,H",intraspike,-2.3199,-4.0978,-1.8534,-0.4723
7(E2),N,72,E2,7,E2-n-linker,"E,F,G,H","E,F,G,H",no,-1.3012,-1.8772,-1.1378,0.1019
8(E2),V,73,E2,8,E2-n-linker,"E,F,G,H","E,F,G,H",no,-1.5684,-2.8171,-1.6764,-0.2051
9(E2),Y,74,E2,9,E2-n-linker,"E,F,G,H","E,F,G,H",no,-6.2050,-6.4586,-5.8211,0.0578
10(E2),K,75,E2,10,E2-n-linker,"E,F,G,H","E,F,G,H",no,-5.1805,-5.7903,-4.5619,0.5041
11(E2),A,76,E2,11,E2-n-linker,"E,F,G,H","E,F,G,H",no,-3.2742,-3.7915,-3.0534,-0.1566
12(E2),I,77,E2,12,E2-n-linker,"E,F,G,H","E,F,G,H",no,-5.3215,-5.5189,-5.1718,0.0539
13(E2),R,78,E2,13,E2-n-linker,"E,F,G,H","E,F,G,H",no,-2.1091,-2.1655,-1.5267,-0.2922
14(E2),P,79,E2,14,E2-n-linker,"E,F,G,H","E,F,G,H",no,-7.3919,-7.3794,-7.2585,-0.7909
15(E2),Y,80,E2,15,E2-n-linker,"E,F,G,H","E,F,G,H",no,-7.4191,-7.3451,-7.4083,
16(E2),L,81,E2,16,E2-domain a,"E,F,G,H","E,F,G,H",no,-1.9895,-2.5205,-1.6653,-0.6175
17(E2),A,82,E2,17,E2-domain a,"E,F,G,H","E,F,G,H",no,-6.8446,-6.8638,-6.7992,-0.3507
18(E2),H,83,E2,18,E2-domain a,"E,F,G,H","E,F,G,H",wrapped,0.0382,0.2775,0.1355,0.7737
19(E2),C,84,E2,19,E2-domain a,"E,F,G,H","E,F,G,H",no,-7.4984,-7.4309,-7.5116,2.7870
20(E2),P,85,E2,20,E2-domain a,"E,F,G,H","E,F,G,H",no,-4.7834,-4.6268,-2.0393,-0.8429
21(E2),D,86,E2,21,E2-domain a,"E,F,G,H","E,F,G,H",no,-2.8161,-3.2547,-1.4312,-0.5909
22(E2),C,87,E2,22,E2-domain a,"E,F,G,H","E,F,G,H",no,-7.4970,-7.4526,-7.5375,
23(E2),G,88,E2,23,E2-domain a,"E,F,G,H","E,F,G,H",no,-2.9518,-3.6911,-2.0051,-0.3469
24(E2),E,89,E2,24,E2-domain a,"E,F,G,H","E,F,G,H",no,0.0089,-1.6076,-0.2141,0.9358
25(E2),G,90,E2,25,E2-domain a,"E,F,G,H","E,F,G,H",no,-1.7179,-1.5658,-0.9376,-0.0369
26(E2),H,91,E2,26,E2-domain a,"E,F,G,H","E,F,G,H",wrapped,-0.7108,-1.2776,-0.1600,-0.4835
27(E2),S,92,E2,27,E2-domain a,"E,F,G,H","E,F,G,H",wrapped,-1.6467,-1.9391,-0.4007,-0.9296
28(E2),C,93,E2,28,E2-domain a,"E,F,G,H","E,F,G,H",wrapped,-7.3767,-7.4214,-7.4101,
29(E2),H,94,E2,29,E2-domain a,"E,F,G,H","E,F,G,H",wrapped,-3.5810,-4.4577,-2.4331,-1.0787
30(E2),S,95,E2,30,E2-domain a,"E,F,G,H","E,F,G,H",no,-7.0676,-6.9988,-6.9834,0.4967
31(E2),P,96,E2,31,E2-domain a,"E,F,G,H","E,F,G,H",no,-5.2843,-5.1749,-4.1990,-0.6157
32(E2),V,97,E2,32,E2-domain a,"E,F,G,H","E,F,G,H",no,-5.4058,-5.4537,-5.3651,-0.1971
33(E2),A,98,E2,33,E2-domain a,"E,F,G,H","E,F,G,H",no,-6.7168,-6.7568,-6.5074,-0.0100
34(E2),L,99,E2,34,E2-domain a,"E,F,G,H","E,F,G,H",no,-5.6032,-5.9010,-5.5163,-0.5106
35(E2),E,100,E2,35,E2-domain a,"E,F,G,H","E,F,G,H",no,-7.3286,-7.3256,-7.3070,2.6170
36(E2),R,101,E2,36,E2-domain a,"E,F,G,H","E,F,G,H",no,-0.7912,-1.2851,-0.9063,-0.0123
37(E2),I,102,E2,37,E2-domain a,"E,F,G,H","E,F,G,H",no,-5.9944,-6.1427,-5.7662,-0.5066
38(E2),R,103,E2,38,E2-domain a,"E,F,G,H","E,F,G,H",no,-3.7490,-4.1813,-3.6201,0.0754
39(E2),N,104,E2,39,E2-domain a,"E,F,G,H","E,F,G,H",no,-5.2053,-5.3653,-5.0407,-0.8212
40(E2),E,105,E2,40,E2-domain a,"E,F,G,H","E,F,G,H",no,-5.9321,-5.9349,-5.7761,-0.0996
41(E2),A,106,E2,41,E2-domain a,"E,F,G,H","E,F,G,H",no,-7.2158,-7.1629,-7.1252,1.6385
42(E2),T,107,E2,42,E2-domain a,"E,F,G,H","E,F,G,H",no,-5.9739,-6.1517,-5.3558,-0.6674
43(E2),D,108,E2,43,E2-domain a,"E,F,G,H","E,F,G,H",no,-7.4894,-7.3849,-7.3767,0.5672
44(E2),G,109,E2,44,E2-domain a,"E,F,G,H","E,F,G,H",no,-6.5189,-6.7594,-5.9627,-0.2547
45(E2),T,110,E2,45,E2-domain a,"E,F,G,H","E,F,G,H",no,-4.0914,-4.2916,-3.7834,-0.4015
46(E2),L,111,E2,46,E2-domain a,"E,F,G,H","E,F,G,H",no,-6.5650,-6.6262,-6.4893,-0.0475
47(E2),K,112,E2,47,E2-domain a,"E,F,G,H","E,F,G,H",no,-6.0578,-6.3198,-5.3706,0.2140
48(E2),I,113,E2,48,E2-domain a,"E,F,G,H","E,F,G,H",no,-6.4354,-6.4943,-6.4439,-0.1009
49(E2),Q,114,E2,49,E2-domain a,"E,F,G,H","E,F,G,H",no,-6.4146,-6.4334,-6.2604,0.8599
50(E2),V,115,E2,50,E2-domain a,"E,F,G,H","E,F,G,H",no,-5.2243,-5.3905,-5.0719,-0.3603
51(E2),S,116,E2,51,E2-domain a,"E,F,G,H","E,F,G,H",no,-5.9848,-6.0146,-5.8529,0.2445
52(E2),L,117,E2,52,E2-domain a,"E,F,G,H","E,F,G,H",no,-5.4676,-5.7357,-5.1561,-0.8840
53(E2),Q,118,E2,53,E2-domain a,"E,F,G,H","E,F,G,H",no,-7.0947,-7.1643,-6.7939,-1.6280
54(E2),I,119,E2,54,E2-domain a,"E,F,G,H","E,F,G,H",no,-4.3833,-4.6484,-4.2405,-0.4155
55(E2),G,120,E2,55,E2-domain a,"E,F,G,H","E,F,G,H",no,-6.0875,-6.4864,-5.7297,-0.2524
56(E2),I,121,E2,56,E2-domain a,"E,F,G,H","E,F,G,H",no,-5.1690,-5.6007,-5.0960,-0.2299
57(E2),K,122,E2,57,E2-domain a,"E,F,G,H","E,F,G,H",no,-3.5919,-3.7938,-3.1118,-0.0874
58(E2),T,123,E2,58,E2-domain a,"E,F,G,H","E,F,G,H",no,-1.4228,-1.8041,-0.8314,-0.6414
59(E2),D,124,E2,59,E2-domain a,"E,F,G,H","E,F,G,H",no,-7.0375,-7.1447,-6.9066,-1.4490
60(E2),D,125,E2,60,E2-domain a,"E,F,G,H","E,F,G,H",no,-5.4434,-5.9454,-5.3776,-0.2384
61(E2),S,126,E2,61,E2-domain a,"E,F,G,H","E,F,G,H",no,-1.5904,-2.3028,-1.6553,-0.3992
62(E2),H,127,E2,62,E2-domain a,"E,F,G,H","E,F,G,H",intraspike,-0.4452,-1.3905,-0.4286,-0.0716
63(E2),D,128,E2,63,E2-domain a,"E,F,G,H","E,F,G,H",no,-6.8936,-7.1008,-6.5314,-0.2915
64(E2),W,129,E2,64,E2-domain a,"E,F,G,H","E,F,G,H",intraspike,-0.7267,-0.9861,0.0181,-0.8945
65(E2),T,130,E2,65,E2-domain a,"E,F,G,H","E,F,G,H",no,-3.4488,-4.1982,-3.2976,-1.0249
66(E2),K,131,E2,66,E2-domain a,"E,F,G,H","E,F,G,H",no,-2.1323,-2.6664,-1.7198,-0.5569
67(E2),L,132,E2,67,E2-domain a,"E,F,G,H","E,F,G,H",no,-6.0589,-6.4106,-5.8323,-0.9798
68(E2),R,133,E2,68,E2-domain a,"E,F,G,H","E,F,G,H",no,-7.3682,-7.3575,-7.3151,
69(E2),Y,134,E2,69,E2-domain a,"E,F,G,H","E,F,G,H",no,-6.3378,-6.3367,-6.2233,-1.1846
70(E2),M,135,E2,70,E2-domain a,"E,F,G,H","E,F,G,H",no,-4.8573,-5.2212,-3.9160,-0.5835
71(E2),D,136,E2,71,E2-domain a,"E,F,G,H","E,F,G,H",wrapped,-4.2774,-2.0350,-0.7821,-3.1209
72(E2),N,137,E2,72,E2-domain a,"E,F,G,H","E,F,G,H",wrapped,-1.0112,-1.2639,-0.8706,-0.2768
73(E2),H,138,E2,73,E2-domain a,"E,F,G,H","E,F,G,H",no,-4.4716,-5.9319,-4.3049,-1.1496
74(E2),M,139,E2,74,E2-domain a,"E,F,G,H","E,F,G,H",wrapped,-0.4165,-0.2312,-0.1683,-0.3479
75(E2),P,140,E2,75,E2-domain a,"E,F,G,H","E,F,G,H",wrapped,-1.6824,-1.6658,-1.0411,-1.2117
76(E2),A,141,E2,76,E2-domain a,"E,F,G,H","E,F,G,H",wrapped,-1.6684,-1.8977,-1.0748,-0.2834
77(E2),D,142,E2,77,E2-domain a,"E,F,G,H","E,F,G,H",no,-5.3601,-5.8312,-3.7797,-0.3225
78(E2),A,143,E2,78,E2-domain a,"E,F,G,H","E,F,G,H",no,-6.1887,-6.3722,-5.5830,-0.1913
79(E2),E,144,E2,79,E2-domain a,"E,F,G,H","E,F,G,H",no,-6.1522,-6.1443,-4.6925,-1.1832
80(E2),R,145,E2,80,E2-domain a,"E,F,G,H","E,F,G,H",no,-1.6249,-1.9423,-1.2630,-0.0411
81(E2),A,146,E2,81,E2-domain a,"E,F,G,H","E,F,G,H",no,-1.1005,-1.3514,-0.9312,-0.3460
82(E2),R,147,E2,82,E2-domain a,"E,F,G,H","E,F,G,H",no,-0.5230,0.1645,-0.0703,-0.1461
83(E2),L,148,E2,83,E2-domain a,"E,F,G,H","E,F,G,H",no,-5.8435,-5.9482,-5.6094,-0.4480
84(E2),F,149,E2,84,E2-domain a,"E,F,G,H","E,F,G,H",no,-1.0637,-1.0020,-0.7621,-0.4206
85(E2),V,150,E2,85,E2-domain a,"E,F,G,H","E,F,G,H",no,-5.2242,-5.2238,-5.1453,-0.1756
86(E2),R,151,E2,86,E2-domain a,"E,F,G,H","E,F,G,H",no,-1.4899,-1.1785,-0.8178,-0.6527
87(E2),T,152,E2,87,E2-domain a,"E,F,G,H","E,F,G,H",no,-6.5277,-6.5776,-6.4136,-0.0832
88(E2),S,153,E2,88,E2-domain a,"E,F,G,H","E,F,G,H",no,-0.6716,-0.7117,-0.3771,-0.1594
89(E2),A,154,E2,89,E2-domain a,"E,F,G,H","E,F,G,H",no,-1.0590,-1.0637,-0.6343,-0.2404
90(E2),P,155,E2,90,E2-domain a,"E,F,G,H","E,F,G,H",no,-0.7524,-0.9593,-0.2919,-0.2394
91(E2),C,156,E2,91,E2-domain a,"E,F,G,H","E,F,G,H",no,-7.5059,-7.4676,-7.4894,2.5650
92(E2),T,157,E2,92,E2-domain a,"E,F,G,H","E,F,G,H",no,-1.4505,-1.6638,-0.5267,-0.5154
93(E2),I,158,E2,93,E2-domain a,"E,F,G,H","E,F,G,H",no,-4.7138,-5.0290,-4.0274,-0.1793
94(E2),T,159,E2,94,E2-domain a,"E,F,G,H","E,F,G,H",no,-1.3682,-1.6922,-0.4384,-0.3637
95(E2),G,160,E2,95,E2-domain a,"E,F,G,H","E,F,G,H",no,-1.6354,-3.3480,-1.3894,-0.7894
96(E2),T,161,E2,96,E2-domain a,"E,F,G,H","E,F,G,H",no,-2.0577,-3.0377,-1.9379,-0.2553
97(E2),M,162,E2,97,E2-domain a,"E,F,G,H","E,F,G,H",no,-1.9649,-3.5427,-1.6279,-0.5147
98(E2),G,163,E2,98,E2-domain a,"E,F,G,H","E,F,G,H",no,-4.7299,-5.8559,-4.2154,-0.3801
99(E2),H,164,E2,99,E2-domain a,"E,F,G,H","E,F,G,H",no,-7.0552,-6.9646,-6.8324,-0.4132
100(E2),F,165,E2,100,E2-domain a,"E,F,G,H","E,F,G,H",no,-6.3106,-6.5497,-6.1509,0.2731
101(E2),I,166,E2,101,E2-domain a,"E,F,G,H","E,F,G,H",no,-5.4291,-5.5946,-5.3286,0.1109
102(E2),L,167,E2,102,E2-domain a,"E,F,G,H","E,F,G,H",no,-5.5495,-5.7036,-5.2461,0.0643
103(E2),A,168,E2,103,E2-domain a,"E,F,G,H","E,F,G,H",no,-5.5548,-5.5311,-5.5806,-0.2265
104(E2),R,169,E2,104,E2-domain a,"E,F,G,H","E,F,G,H",no,-3.9731,-3.3619,-1.1109,-1.6993
105(E2),C,170,E2,105,E2-domain a,"E,F,G,H","E,F,G,H",no,-7.3651,-7.3421,-7.4357,
106(E2),P,171,E2,106,E2-domain a,"E,F,G,H","E,F,G,H",no,-1.2708,-1.8136,-0.9028,-0.1473
107(E2),K,172,E2,107,E2-domain a,"E,F,G,H","E,F,G,H",no,-0.3916,-0.3457,-0.1656,-0.2468
108(E2),G,173,E2,108,E2-domain a,"E,F,G,H","E,F,G,H",no,-6.7050,-6.8170,-6.6562,0.2348
109(E2),E,174,E2,109,E2-domain a,"E,F,G,H","E,F,G,H",no,-1.1559,-1.4500,-0.4732,-0.6445
110(E2),T,175,E2,110,E2-domain a,"E,F,G,H","E,F,G,H",no,-1.7348,-1.9442,-0.7221,-0.8440
111(E2),L,176,E2,111,E2-domain a,"E,F,G,H","E,F,G,H",no,-5.2289,-5.3299,-5.1646,-0.1754
112(E2),T,177,E2,112,E2-domain a,"E,F,G,H","E,F,G,H",no,-4.7348,-5.0917,-4.1013,-0.9216
113(E2),V,178,E2,113,E2-domain a,"E,F,G,H","E,F,G,H",no,-5.8019,-5.8547,-5.6777,-0.0825
114(E2),G,179,E2,114,E2-domain a,"E,F,G,H","E,F,G,H",no,-2.7231,-3.3205,-2.0071,-0.5782
115(E2),F,180,E2,115,E2-domain a,"E,F,G,H","E,F,G,H",no,-6.8287,-6.9319,-6.6046,-0.6993
116(E2),T,181,E2,116,E2-domain a,"E,F,G,H","E,F,G,H",no,-1.2761,-1.3861,-0.9074,-0.6344
117(E2),D,182,E2,117,E2-domain a,"E,F,G,H","E,F,G,H",no,-6.2914,-6.1184,-4.4453,-1.6193
118(E2),G,183,E2,118,E2-domain a,"E,F,G,H","E,F,G,H",no,-0.5786,-0.0653,0.0502,-0.8749
119(E2),R,184,E2,119,E2-domain a,"E,F,G,H","E,F,G,H",wrapped,-4.0735,-1.5419,-0.8907,-2.8745
120(E2),K,185,E2,120,E2-domain a,"E,F,G,H","E,F,G,H",wrapped,-1.2002,-0.0165,-0.1420,-1.4583
121(E2),I,186,E2,121,E2-domain a,"E,F,G,H","E,F,G,H",wrapped,-1.8014,-0.4810,-0.3051,-1.6608
122(E2),S,187,E2,122,E2-domain a,"E,F,G,H","E,F,G,H",no,-0.3881,-0.6887,-0.1990,-0.1264
123(E2),H,188,E2,123,E2-domain a,"E,F,G,H","E,F,G,H",wrapped,-3.6935,-3.8597,-3.1388,0.0928
124(E2),S,189,E2,124,E2-domain a,"E,F,G,H","E,F,G,H",no,-1.2682,-1.6089,-0.8140,-0.4801
125(E2),C,190,E2,125,E2-domain a,"E,F,G,H","E,F,G,H",no,-7.4127,-7.4350,-7.4365,2.9070
126(E2),T,191,E2,126,E2-domain a,"E,F,G,H","E,F,G,H",no,-3.4291,-3.7764,-2.8616,-0.6227
127(E2),H,192,E2,127,E2-domain a,"E,F,G,H","E,F,G,H",no,-2.9961,-3.7652,-1.9739,-0.5902
128(E2),P,193,E2,128,E2-domain a,"E,F,G,H","E,F,G,H",no,-2.3172,-1.9911,-0.3725,-1.0005
129(E2),F,194,E2,129,E2-domain a,"E,F,G,H","E,F,G,H",no,-5.8451,-6.0394,-5.4349,-0.9105
130(E2),H,195,E2,130,E2-domain a,"E,F,G,H","E,F,G,H",no,-1.0376,-1.2871,-0.4557,-0.6549
131(E2),H,196,E2,131,E2-domain a,"E,F,G,H","E,F,G,H",no,-6.3769,-6.6697,-5.4115,-1.1343
132(E2),D,197,E2,132,E2-domain a,"E,F,G,H","E,F,G,H",no,-2.1627,-2.8169,-1.5772,-0.5817
133(E2),P,198,E2,133,E2-domain a,"E,F,G,H","E,F,G,H",no,-1.4946,-1.5731,-1.1558,-0.1063
134(E2),P,199,E2,134,E2-domain a,"E,F,G,H","E,F,G,H",no,-1.2876,-1.8654,-0.9958,-0.4551
135(E2),V,200,E2,135,E2-arch1,"E,F,G,H","E,F,G,H",no,-1.4856,-2.1109,-1.1247,-0.7675
136(E2),I,201,E2,136,E2-arch1,"E,F,G,H","E,F,G,H",no,-6.1481,-6.3173,-5.6986,-0.7672
137(E2),G,202,E2,137,E2-arch1,"E,F,G,H","E,F,G,H",no,-7.3242,-7.3623,-7.3993,
138(E2),R,203,E2,138,E2-arch1,"E,F,G,H","E,F,G,H",no,-7.1763,-7.2163,-6.5805,-0.7798
139(E2),E,204,E2,139,E2-arch1,"E,F,G,H","E,F,G,H",no,-6.8693,-6.9132,-6.6418,0.9163
140(E2),K,205,E2,140,E2-arch1,"E,F,G,H","E,F,G,H",no,-2.0936,-2.3131,-1.6606,-0.5075
141(E2),F,206,E2,141,E2-arch1,"E,F,G,H","E,F,G,H",no,-4.5146,-4.9639,-2.3819,-1.2315
142(E2),H,207,E2,142,E2-arch1,"E,F,G,H","E,F,G,H",no,-1.9502,-2.1787,-0.4486,-0.8535
143(E2),S,208,E2,143,E2-arch1,"E,F,G,H","E,F,G,H",no,-4.1244,-3.2347,-0.9133,-1.4981
144(E2),R,209,E2,144,E2-arch1,"E,F,G,H","E,F,G,H",intraspike,-3.5584,-2.7833,-0.5197,-1.1848
145(E2),P,210,E2,145,E2-arch1,"E,F,G,H","E,F,G,H",no,-3.3813,-3.6307,-1.4918,-1.1113
146(E2),Q,211,E2,146,E2-arch1,"E,F,G,H","E,F,G,H",no,-0.6198,-0.2524,-0.1615,0.3535
147(E2),H,212,E2,147,E2-arch1,"E,F,G,H","E,F,G,H",no,-1.7026,-1.6393,-0.4728,-0.6328
148(E2),G,213,E2,148,E2-arch1,"E,F,G,H","E,F,G,H",no,-6.2514,-5.3836,-2.8606,-1.1652
149(E2),R,214,E2,149,E2-arch1,"E,F,G,H","E,F,G,H",no,-0.7612,-0.6409,-0.4857,-0.3757
150(E2),E,215,E2,150,E2-arch1,"E,F,G,H","E,F,G,H",intraspike,-2.3686,-3.8263,-1.9547,-0.9191
151(E2),L,216,E2,151,E2-arch1,"E,F,G,H","E,F,G,H",no,-4.2114,-4.6337,-3.7698,-0.5058
152(E2),P,217,E2,152,E2-arch1,"E,F,G,H","E,F,G,H",no,-2.3624,-2.8797,-1.6957,-1.0392
153(E2),C,218,E2,153,E2-arch1,"E,F,G,H","E,F,G,H",no,-7.3695,-7.2982,-7.4833,
154(E2),S,219,E2,154,E2-arch1,"E,F,G,H","E,F,G,H",no,-7.0043,-6.9957,-6.9622,1.2594
155(E2),T,220,E2,155,E2-arch1,"E,F,G,H","E,F,G,H",no,-6.8950,-7.0769,-6.2462,-1.0890
156(E2),Y,221,E2,156,E2-arch1,"E,F,G,H","E,F,G,H",no,-7.1894,-7.2007,-7.0372,0.3404
157(E2),A,222,E2,157,E2-arch1,"E,F,G,H","E,F,G,H",intraspike,-1.0911,-2.1330,-0.8578,-0.3061
158(E2),Q,223,E2,158,E2-arch1,"E,F,G,H","E,F,G,H",intraspike,-0.6435,-1.9817,-0.2240,-0.1310
159(E2),S,224,E2,159,E2-arch1,"E,F,G,H","E,F,G,H",intraspike,-1.7227,-2.3222,-0.9853,-0.5701
160(E2),T,225,E2,160,E2-arch1,"E,F,G,H","E,F,G,H",intraspike,-0.9028,-2.1927,-0.6624,-0.6951
161(E2),A,226,E2,161,E2-arch1,"E,F,G,H","E,F,G,H",no,-0.6020,-1.3540,-0.2179,-0.3843
162(E2),A,227,E2,162,E2-arch1,"E,F,G,H","E,F,G,H",no,-0.4379,-0.5651,-0.2969,-0.1415
163(E2),T,228,E2,163,E2-arch1,"E,F,G,H","E,F,G,H",no,-1.5517,-2.6948,-0.9273,-0.6816
164(E2),A,229,E2,164,E2-arch1,"E,F,G,H","E,F,G,H",no,-0.5472,-0.5155,-0.3597,-0.3224
165(E2),E,230,E2,165,E2-arch1,"E,F,G,H","E,F,G,H",no,-6.1886,-6.4203,-6.1355,0.3904
166(E2),E,231,E2,166,E2-arch1,"E,F,G,H","E,F,G,H",no,-1.5743,-2.2991,-1.6383,0.5264
167(E2),I,232,E2,167,E2-arch1,"E,F,G,H","E,F,G,H",no,-4.9567,-5.5739,-4.4812,-0.0797
168(E2),E,233,E2,168,E2-arch1,"E,F,G,H","E,F,G,H",no,-4.3545,-5.9516,-3.7122,-0.2183
169(E2),V,234,E2,169,E2-arch1,"E,F,G,H","E,F,G,H",no,-6.0563,-6.2519,-5.8291,-0.2898
170(E2),H,235,E2,170,E2-arch1,"E,F,G,H","E,F,G,H",no,-2.2706,-3.7852,-1.6101,-0.6283
171(E2),M,236,E2,171,E2-arch1,"E,F,G,H","E,F,G,H",no,-4.3303,-4.5529,-3.5340,-0.4273
172(E2),P,237,E2,172,E2-arch1,"E,F,G,H","E,F,G,H",no,-6.4252,-6.6159,-5.4609,-1.0656
173(E2),P,238,E2,173,E2-domain b,"E,F,G,H","E,F,G,H",no,-6.8278,-7.0809,-6.1648,-1.0780
174(E2),D,239,E2,174,E2-domain b,"E,F,G,H","E,F,G,H",no,-6.2678,-6.7464,-5.6480,0.1371
175(E2),T,240,E2,175,E2-domain b,"E,F,G,H","E,F,G,H",no,-3.7634,-4.4909,-3.3720,-1.0938
176(E2),P,241,E2,176,E2-domain b,"E,F,G,H","E,F,G,H",no,-7.1966,-7.1760,-7.0597,0.0901
177(E2),D,242,E2,177,E2-domain b,"E,F,G,H","E,F,G,H",no,-6.9322,-7.0282,-6.1169,0.7042
178(E2),R,243,E2,178,E2-domain b,"E,F,G,H","E,F,G,H",wrapped,-0.9675,-1.6037,-0.7542,-1.4563
179(E2),T,244,E2,179,E2-domain b,"E,F,G,H","E,F,G,H",wrapped,-2.1396,-3.5250,-1.4837,-1.4394
180(E2),L,245,E2,180,E2-domain b,"E,F,G,H","E,F,G,H",wrapped,-5.9249,-5.9670,-5.8311,-1.1032
181(E2),M,246,E2,181,E2-domain b,"E,F,G,H","E,F,G,H",wrapped,-5.5332,-5.6387,-5.2721,-0.4443
182(E2),S,247,E2,182,E2-domain b,"E,F,G,H","E,F,G,H",wrapped,-1.6691,-3.3221,-1.5428,-0.3698
183(E2),Q,248,E2,183,E2-domain b,"E,F,G,H","E,F,G,H",no,-3.9066,-4.8671,-3.5593,-0.9023
184(E2),Q,249,E2,184,E2-domain b,"E,F,G,H","E,F,G,H",no,-1.0354,-1.4337,-1.1246,-0.2148
185(E2),S,250,E2,185,E2-domain b,"E,F,G,H","E,F,G,H",no,-1.1113,-1.8168,-0.8428,-0.1935
186(E2),G,251,E2,186,E2-domain b,"E,F,G,H","E,F,G,H",no,-1.1552,-2.6687,-0.9771,-0.3841
187(E2),N,252,E2,187,E2-domain b,"E,F,G,H","E,F,G,H",no,-2.4026,-2.8663,-2.2431,-0.6819
188(E2),V,253,E2,188,E2-domain b,"E,F,G,H","E,F,G,H",no,-7.0886,-7.0256,-6.8737,0.7699
189(E2),K,254,E2,189,E2-domain b,"E,F,G,H","E,F,G,H",wrapped,-2.3399,-2.8411,-2.3870,1.0139
190(E2),I,255,E2,190,E2-domain b,"E,F,G,H","E,F,G,H",no,-6.5314,-6.6006,-6.4971,-1.1823
191(E2),T,256,E2,191,E2-domain b,"E,F,G,H","E,F,G,H",wrapped,-1.8707,-2.3084,-1.6230,-0.3931
192(E2),V,257,E2,192,E2-domain b,"E,F,G,H","E,F,G,H",no,-5.4410,-5.6905,-5.3963,-0.7897
193(E2),N,258,E2,193,E2-domain b,"E,F,G,H","E,F,G,H",wrapped,-1.5611,-1.8793,-1.1030,-0.7480
194(E2),S,259,E2,194,E2-domain b,"E,F,G,H","E,F,G,H",no,-1.3934,-1.4855,-1.1923,-0.3291
195(E2),Q,260,E2,195,E2-domain b,"E,F,G,H","E,F,G,H",no,-1.8560,-1.5443,-1.1876,-0.5139
196(E2),T,261,E2,196,E2-domain b,"E,F,G,H","E,F,G,H",no,-2.2854,-3.0082,-1.8512,-0.5171
197(E2),V,262,E2,197,E2-domain b,"E,F,G,H","E,F,G,H",no,-7.0048,-7.0203,-6.9583,0.8618
198(E2),R,263,E2,198,E2-domain b,"E,F,G,H","E,F,G,H",no,-4.3042,-5.2246,-4.0609,-0.9727
199(E2),Y,264,E2,199,E2-domain b,"E,F,G,H","E,F,G,H",no,-6.4694,-6.4611,-6.4964,-0.1989
200(E2),K,265,E2,200,E2-domain b,"E,F,G,H","E,F,G,H",no,-2.6310,-3.1033,-2.4970,-0.4649
201(E2),C,266,E2,201,E2-domain b,"E,F,G,H","E,F,G,H",no,-7.2163,-7.0375,-7.2192,0.2931
202(E2),N,267,E2,202,E2-domain b,"E,F,G,H","E,F,G,H",no,-0.8317,-0.8515,-0.6725,-0.2206
203(E2),C,268,E2,203,E2-domain b,"E,F,G,H","E,F,G,H",no,-7.3068,-7.3664,-7.3436,
204(E2),G,269,E2,204,E2-domain b,"E,F,G,H","E,F,G,H",no,-2.2675,-2.6441,-1.7836,-0.5928
205(E2),D,270,E2,205,E2-domain b,"E,F,G,H","E,F,G,H",no,-0.5010,-0.7547,-0.5118,-0.0387
206(E2),S,271,E2,206,E2-domain b,"E,F,G,H","E,F,G,H",no,-0.2779,-0.1090,-0.2209,-0.0967
207(E2),N,272,E2,207,E2-domain b,"E,F,G,H","E,F,G,H",no,-0.1085,0.1698,-0.0456,0.0272
208(E2),E,273,E2,208,E2-domain b,"E,F,G,H","E,F,G,H",no,-1.2357,-2.0945,-1.2383,-0.4539
209(E2),G,274,E2,209,E2-domain b,"E,F,G,H","E,F,G,H",no,-1.7231,-2.4342,-1.5181,-0.5408
210(E2),L,275,E2,210,E2-domain b,"E,F,G,H","E,F,G,H",no,-1.7902,-2.4022,-1.7577,-0.5738
211(E2),T,276,E2,211,E2-domain b,"E,F,G,H","E,F,G,H",no,-5.7550,-5.7437,-5.5834,-1.0348
212(E2),T,277,E2,212,E2-domain b,"E,F,G,H","E,F,G,H",wrapped,-0.8213,-1.1764,-0.7622,-0.4162
213(E2),T,278,E2,213,E2-domain b,"E,F,G,H","E,F,G,H",wrapped,-1.1269,-1.5700,-1.0776,-0.4111
214(E2),D,279,E2,214,E2-domain b,"E,F,G,H","E,F,G,H",wrapped,-6.0754,-6.0477,-5.0791,-1.2796
215(E2),K,280,E2,215,E2-domain b,"E,F,G,H","E,F,G,H",no,-2.3991,-2.5017,-2.1888,-0.2927
216(E2),V,281,E2,216,E2-domain b,"E,F,G,H","E,F,G,H",no,-3.4196,-3.8561,-3.1218,-0.3053
217(E2),I,282,E2,217,E2-domain b,"E,F,G,H","E,F,G,H",no,-6.3636,-6.6616,-6.4531,-0.4836
218(E2),N,283,E2,218,E2-domain b,"E,F,G,H","E,F,G,H",no,-0.4384,-0.3059,-0.3001,0.0031
219(E2),N,284,E2,219,E2-domain b,"E,F,G,H","E,F,G,H",no,-2.8269,-3.4755,-2.4018,-0.2639
220(E2),C,285,E2,220,E2-domain b,"E,F,G,H","E,F,G,H",no,-7.4009,-7.3542,-7.4163,
221(E2),K,286,E2,221,E2-domain b,"E,F,G,H","E,F,G,H",wrapped,-0.6648,-1.1040,-0.6718,-0.2280
222(E2),V,287,E2,222,E2-domain b,"E,F,G,H","E,F,G,H",wrapped,-4.8272,-5.5039,-4.5910,-0.2832
223(E2),D,288,E2,223,E2-domain b,"E,F,G,H","E,F,G,H",wrapped,-2.7142,-3.8284,-2.3521,-0.2098
224(E2),Q,289,E2,224,E2-domain b,"E,F,G,H","E,F,G,H",no,-2.1225,-2.6530,-2.1145,-0.1711
225(E2),C,290,E2,225,E2-domain b,"E,F,G,H","E,F,G,H",no,-7.3286,-7.3742,-7.3198,
226(E2),H,291,E2,226,E2-domain b,"E,F,G,H","E,F,G,H",no,-4.1507,-5.0176,-3.7481,-0.6400
227(E2),A,292,E2,227,E2-domain b,"E,F,G,H","E,F,G,H",no,-5.5228,-5.4765,-5.2262,-0.6010
228(E2),A,293,E2,228,E2-domain b,"E,F,G,H","E,F,G,H",no,-3.7227,-4.5742,-3.4803,-0.7793
229(E2),V,294,E2,229,E2-domain b,"E,F,G,H","E,F,G,H",no,-5.8805,-6.5171,-5.7057,-0.6620
230(E2),T,295,E2,230,E2-domain b,"E,F,G,H","E,F,G,H",no,-6.0584,-6.5244,-4.9581,-0.6490
231(E2),N,296,E2,231,E2-arch2,"E,F,G,H","E,F,G,H",no,-2.2712,-3.1739,-2.1546,-0.4205
232(E2),H,297,E2,232,E2-arch2,"E,F,G,H","E,F,G,H",no,-4.3724,-5.7304,-3.2969,-0.3758
233(E2),K,298,E2,233,E2-arch2,"E,F,G,H","E,F,G,H",no,-1.5437,-1.8838,-1.2081,-0.3545
234(E2),K,299,E2,234,E2-arch2,"E,F,G,H","E,F,G,H",no,-2.1266,-2.5475,-1.4615,-0.4276
235(E2),W,300,E2,235,E2-arch2,"E,F,G,H","E,F,G,H",no,-6.9871,-7.2106,-6.9788,0.4967
236(E2),Q,301,E2,236,E2-arch2,"E,F,G,H","E,F,G,H",no,-5.5213,-5.6418,-4.7753,-0.1140
237(E2),Y,302,E2,237,E2-arch2,"E,F,G,H","E,F,G,H",no,-5.4979,-5.7428,-5.3338,0.2080
238(E2),N,303,E2,238,E2-arch2,"E,F,G,H","E,F,G,H",no,-3.1877,-4.4161,-2.3227,-0.5602
239(E2),S,304,E2,239,E2-arch2,"E,F,G,H","E,F,G,H",no,-7.3977,-7.3295,-7.2829,2.4210
240(E2),P,305,E2,240,E2-arch2,"E,F,G,H","E,F,G,H",no,-6.7577,-6.9142,-6.0332,-0.2834
241(E2),L,306,E2,241,E2-arch2,"E,F,G,H","E,F,G,H",no,-4.8593,-4.9177,-3.3486,-1.4172
242(E2),V,307,E2,242,E2-arch2,"E,F,G,H","E,F,G,H",no,-5.1304,-5.6035,-4.7610,-1.0935
243(E2),P,308,E2,243,E2-arch2,"E,F,G,H","E,F,G,H",no,-6.3970,-6.7270,-6.1981,-0.4009
244(E2),R,309,E2,244,E2-arch2,"E,F,G,H","E,F,G,H",no,-6.6258,-7.0197,-5.2753,0.5462
245(E2),N,310,E2,245,E2-arch2,"E,F,G,H","E,F,G,H",no,-0.8635,-1.1361,-0.6892,-0.1529
246(E2),A,311,E2,246,E2-arch2,"E,F,G,H","E,F,G,H",no,-0.7002,-0.6594,-0.4230,-0.1025
247(E2),E,312,E2,247,E2-arch2,"E,F,G,H","E,F,G,H",no,-1.6163,-2.3141,-1.3642,-0.4414
248(E2),L,313,E2,248,E2-arch2,"E,F,G,H","E,F,G,H",no,-0.2275,-0.2857,-0.2233,-0.2333
249(E2),G,314,E2,249,E2-arch2,"E,F,G,H","E,F,G,H",no,-1.2984,-2.6433,-1.0725,-0.6661
250(E2),D,315,E2,250,E2-arch2,"E,F,G,H","E,F,G,H",no,-0.6248,-1.6591,-0.8056,-0.5994
251(E2),R,316,E2,251,E2-arch2,"E,F,G,H","E,F,G,H",no,-1.8053,-2.2689,-1.3715,-0.1135
252(E2),K,317,E2,252,E2-arch2,"E,F,G,H","E,F,G,H",no,-3.3333,-4.3828,-2.5862,-0.2918
253(E2),G,318,E2,253,E2-arch2,"E,F,G,H","E,F,G,H",no,-5.8092,-6.3622,-5.1645,-0.1907
254(E2),K,319,E2,254,E2-arch2,"E,F,G,H","E,F,G,H",no,-2.7554,-3.3438,-2.5314,0.0799
255(E2),V,320,E2,255,E2-arch2,"E,F,G,H","E,F,G,H",no,-5.2708,-5.7218,-5.0008,-0.0717
256(E2),H,321,E2,256,E2-arch2,"E,F,G,H","E,F,G,H",no,-0.6612,-2.0542,-0.4587,-0.1236
257(E2),I,322,E2,257,E2-arch2,"E,F,G,H","E,F,G,H",no,-4.8700,-5.6140,-4.3975,-0.4295
258(E2),P,323,E2,258,E2-arch2,"E,F,G,H","E,F,G,H",no,-7.0466,-7.1519,-6.5006,-1.2630
259(E2),F,324,E2,259,E2-arch2,"E,F,G,H","E,F,G,H",no,-6.6697,-6.7595,-6.6205,-0.4092
260(E2),P,325,E2,260,E2-arch2,"E,F,G,H","E,F,G,H",no,-2.9511,-4.3033,-2.2144,-0.3917
261(E2),L,326,E2,261,E2-arch2,"E,F,G,H","E,F,G,H",no,-5.9715,-6.0453,-5.6300,-0.3199
262(E2),A,327,E2,262,E2-arch2,"E,F,G,H","E,F,G,H",no,-0.8602,-1.4742,-0.7403,-0.1576
263(E2),N,328,E2,263,E2-arch2,"E,F,G,H","E,F,G,H",intraspike,-1.4065,-1.3999,-1.1775,0.1522
264(E2),V,329,E2,264,E2-arch2,"E,F,G,H","E,F,G,H",intraspike,-1.7131,-2.3480,-1.1424,-0.0906
265(E2),T,330,E2,265,E2-arch2,"E,F,G,H","E,F,G,H",intraspike,-0.5538,-0.9495,-0.5765,0.3436
266(E2),C,331,E2,266,E2-arch2,"E,F,G,H","E,F,G,H",no,-7.4582,-7.4122,-7.5130,4.1370
267(E2),R,332,E2,267,E2-arch2,"E,F,G,H","E,F,G,H",intraspike,-2.3952,-1.9448,-0.4415,-0.3002
268(E2),V,333,E2,268,E2-arch2,"E,F,G,H","E,F,G,H",no,-6.5828,-6.8491,-6.2450,0.0850
269(E2),P,334,E2,269,E2-arch2,"E,F,G,H","E,F,G,H",no,-6.5066,-6.7112,-5.8531,-0.9704
270(E2),K,335,E2,270,E2-arch2,"E,F,G,H","E,F,G,H",no,-1.4526,-1.3430,-1.2909,0.2553
271(E2),A,336,E2,271,E2-domain c,"E,F,G,H","E,F,G,H",no,-6.7144,-6.9340,-6.1893,-0.5320
272(E2),R,337,E2,272,E2-domain c,"E,F,G,H","E,F,G,H",no,-4.2844,-4.4893,-1.7275,-1.3109
273(E2),N,338,E2,273,E2-domain c,"E,F,G,H","E,F,G,H",no,-0.8562,-1.2187,-0.3047,-0.7318
274(E2),P,339,E2,274,E2-domain c,"E,F,G,H","E,F,G,H",no,-6.7052,-6.2614,-4.7265,-1.7190
275(E2),T,340,E2,275,E2-domain c,"E,F,G,H","E,F,G,H",no,-3.0430,-2.8344,-0.7509,-1.3867
276(E2),V,341,E2,276,E2-domain c,"E,F,G,H","E,F,G,H",no,-5.0317,-5.2382,-4.1182,-0.1337
277(E2),T,342,E2,277,E2-domain c,"E,F,G,H","E,F,G,H",no,-2.0957,-2.7069,-1.4887,-1.0961
278(E2),Y,343,E2,278,E2-domain c,"E,F,G,H","E,F,G,H",no,-4.7878,-5.7712,-3.8718,-0.5533
279(E2),G,344,E2,279,E2-domain c,"E,F,G,H","E,F,G,H",no,-1.4869,-1.8970,-1.1890,-0.7391
280(E2),K,345,E2,280,E2-domain c,"E,F,G,H","E,F,G,H",no,-1.0534,-1.5094,-0.9538,-0.5257
281(E2),N,346,E2,281,E2-domain c,"E,F,G,H","E,F,G,H",no,-1.9419,-2.2076,-1.9346,-0.4220
282(E2),Q,347,E2,282,E2-domain c,"E,F,G,H","E,F,G,H",no,-1.4795,-1.9030,-1.2751,-0.4578
283(E2),V,348,E2,283,E2-domain c,"E,F,G,H","E,F,G,H",no,-6.5489,-6.6811,-6.4380,-0.2289
284(E2),I,349,E2,284,E2-domain c,"E,F,G,H","E,F,G,H",no,-1.6103,-2.1587,-1.2979,-0.3815
285(E2),M,350,E2,285,E2-domain c,"E,F,G,H","E,F,G,H",no,-5.7170,-5.8546,-5.3703,-0.6708
286(E2),L,351,E2,286,E2-domain c,"E,F,G,H","E,F,G,H",no,-1.2096,-1.6030,-0.7976,-0.3403
287(E2),L,352,E2,287,E2-domain c,"E,F,G,H","E,F,G,H",no,-6.2882,-6.3715,-6.0065,-0.7280
288(E2),Y,353,E2,288,E2-domain c,"E,F,G,H","E,F,G,H",no,-4.3237,-3.2628,-0.9269,-1.6430
289(E2),P,354,E2,289,E2-domain c,"E,F,G,H","E,F,G,H",no,-6.7985,-6.9316,-6.0473,-1.4442
290(E2),D,355,E2,290,E2-domain c,"E,F,G,H","E,F,G,H",no,-4.8385,-5.2581,-2.8427,-1.2837
291(E2),H,356,E2,291,E2-domain c,"E,F,G,H","E,F,G,H",no,-2.9591,-3.4563,-2.3347,-0.8442
292(E2),P,357,E2,292,E2-domain c,"E,F,G,H","E,F,G,H",no,-6.1161,-6.2089,-5.9320,0.1489
293(E2),T,358,E2,293,E2-domain c,"E,F,G,H","E,F,G,H",no,-6.9280,-6.9977,-6.6905,-0.4001
294(E2),L,359,E2,294,E2-domain c,"E,F,G,H","E,F,G,H",no,-6.3895,-6.4107,-5.8855,-0.5144
295(E2),L,360,E2,295,E2-domain c,"E,F,G,H","E,F,G,H",no,-5.9882,-6.1493,-6.1249,0.0279
296(E2),S,361,E2,296,E2-domain c,"E,F,G,H","E,F,G,H",no,-6.9975,-7.1935,-6.7697,0.8198
297(E2),Y,362,E2,297,E2-domain c,"E,F,G,H","E,F,G,H",no,-2.9161,-3.0915,-2.8212,-0.6539
298(E2),R,363,E2,298,E2-domain c,"E,F,G,H","E,F,G,H",no,-7.4865,-7.3984,-7.4766,2.0645
299(E2),N,364,E2,299,E2-domain c,"E,F,G,H","E,F,G,H",no,-0.6314,-0.6599,-0.5519,-0.1081
300(E2),M,365,E2,300,E2-domain c,"E,F,G,H","E,F,G,H",no,-5.9765,-6.1186,-5.6525,-0.2621
301(E2),G,366,E2,301,E2-domain c,"E,F,G,H","E,F,G,H",no,-6.4230,-6.7508,-6.1400,0.0375
302(E2),E,367,E2,302,E2-domain c,"E,F,G,H","E,F,G,H",no,-0.2562,-0.4528,-0.2264,-0.1582
303(E2),E,368,E2,303,E2-domain c,"E,F,G,H","E,F,G,H",no,-0.4946,-0.3234,-0.4475,0.0549
304(E2),P,369,E2,304,E2-domain c,"E,F,G,H","E,F,G,H",no,-5.9999,-6.0350,-5.8657,-0.2121
305(E2),N,370,E2,305,E2-domain c,"E,F,G,H","E,F,G,H",no,-2.0164,-2.6937,-1.8605,-0.4219
306(E2),Y,371,E2,306,E2-domain c,"E,F,G,H","E,F,G,H",no,-5.8849,-6.1560,-5.5633,-1.0054
307(E2),Q,372,E2,307,E2-domain c,"E,F,G,H","E,F,G,H",no,-1.0718,-1.3229,-0.9743,-0.3812
308(E2),E,373,E2,308,E2-domain c,"E,F,G,H","E,F,G,H",no,-4.8583,-5.3274,-4.3883,-1.1219
309(E2),E,374,E2,309,E2-domain c,"E,F,G,H","E,F,G,H",no,-2.2581,-2.6313,-1.9287,-0.6029
310(E2),W,375,E2,310,E2-domain c,"E,F,G,H","E,F,G,H",no,-7.4010,-7.3632,-7.4391,2.3600
311(E2),V,376,E2,311,E2-domain c,"E,F,G,H","E,F,G,H",no,-6.6893,-6.7127,-6.4842,-1.0033
312(E2),T,377,E2,312,E2-domain c,"E,F,G,H","E,F,G,H",no,-1.0462,-1.2418,-0.6974,-0.5087
313(E2),H,378,E2,313,E2-domain c,"E,F,G,H","E,F,G,H",no,-0.5357,-0.5556,-0.4480,-0.2336
314(E2),K,379,E2,314,E2-domain c,"E,F,G,H","E,F,G,H",no,-4.0508,-3.1851,-0.9975,-1.3995
315(E2),K,380,E2,315,E2-domain c,"E,F,G,H","E,F,G,H",no,-4.7361,-5.4704,-4.2407,-0.5393
316(E2),E,381,E2,316,E2-domain c,"E,F,G,H","E,F,G,H",no,-1.8282,-2.4725,-1.3826,-1.2607
317(E2),I,382,E2,317,E2-domain c,"E,F,G,H","E,F,G,H",no,-4.5573,-4.6927,-4.1604,-0.5764
318(E2),R,383,E2,318,E2-domain c,"E,F,G,H","E,F,G,H",no,-1.1600,-1.6771,-0.9785,-0.2918
319(E2),L,384,E2,319,E2-domain c,"E,F,G,H","E,F,G,H",no,-5.5296,-5.6377,-5.4512,0.0604
320(E2),T,385,E2,320,E2-domain c,"E,F,G,H","E,F,G,H",no,-0.1788,-0.2431,-0.1343,-0.1384
321(E2),V,386,E2,321,E2-domain c,"E,F,G,H","E,F,G,H",no,-7.0031,-7.0259,-6.6655,-1.1400
322(E2),P,387,E2,322,E2-domain c,"E,F,G,H","E,F,G,H",no,-3.7292,-4.4463,-3.4294,-0.7456
323(E2),T,388,E2,323,E2-domain c,"E,F,G,H","E,F,G,H",no,-0.1848,-0.1932,-0.1212,-0.0968
324(E2),E,389,E2,324,E2-domain c,"E,F,G,H","E,F,G,H",no,-1.4728,-1.9199,-1.2782,-0.5673
325(E2),G,390,E2,325,E2-domain c,"E,F,G,H","E,F,G,H",no,-7.3470,-7.2501,-7.3524,
326(E2),L,391,E2,326,E2-domain c,"E,F,G,H","E,F,G,H",no,-6.2679,-6.3712,-6.2151,0.4791
327(E2),E,392,E2,327,E2-domain c,"E,F,G,H","E,F,G,H",no,-7.3265,-7.3547,-7.2693,1.8595
328(E2),V,393,E2,328,E2-domain c,"E,F,G,H","E,F,G,H",no,-6.8378,-6.9617,-6.7617,-0.1456
329(E2),T,394,E2,329,E2-domain c,"E,F,G,H","E,F,G,H",no,-3.9706,-4.7393,-3.4798,-1.0690
330(E2),W,395,E2,330,E2-domain c,"E,F,G,H","E,F,G,H",no,-7.4453,-7.3813,-7.3713,
331(E2),G,396,E2,331,E2-domain c,"E,F,G,H","E,F,G,H",no,-7.4188,-7.3675,-7.4251,0.8284
332(E2),N,397,E2,332,E2-domain c,"E,F,G,H","E,F,G,H",no,-7.3066,-7.2571,-7.3995,
333(E2),N,398,E2,333,E2-domain c,"E,F,G,H","E,F,G,H",no,-7.1635,-7.0657,-6.5976,-0.6259
334(E2),E,399,E2,334,E2-domain c,"E,F,G,H","E,F,G,H",no,-1.9033,-2.5865,-1.6716,-0.7212
335(E2),P,400,E2,335,E2-domain c,"E,F,G,H","E,F,G,H",no,-6.6385,-6.7285,-6.4948,-0.6909
336(E2),Y,401,E2,336,E2-domain c,"E,F,G,H","E,F,G,H",no,-1.0643,-1.2553,-0.8129,-0.2109
337(E2),K,402,E2,337,E2-domain c,"E,F,G,H","E,F,G,H",no,-3.2896,-4.2040,-3.0228,-0.7855
338(E2),Y,403,E2,338,E2-domain c,"E,F,G,H","E,F,G,H",no,-6.2526,-6.2224,-5.9046,-0.4359
339(E2),W,404,E2,339,E2-domain c,"E,F,G,H","E,F,G,H",no,-6.6681,-6.6219,-6.0322,-0.9801
340(E2),P,405,E2,340,E2-domain c,"E,F,G,H","E,F,G,H",no,-1.8529,-2.0531,-1.7298,-0.4068
341(E2),Q,406,E2,341,E2-domain c,"E,F,G,H","E,F,G,H",no,-1.1568,-1.6452,-0.7342,-0.0720
342(E2),L,407,E2,342,E2-stem,"E,F,G,H","E,F,G,H",no,-0.3378,-0.3621,-0.2374,-0.1261
343(E2),S,408,E2,343,E2-stem,"E,F,G,H","E,F,G,H",no,-0.6011,-0.8120,-0.5141,-0.4849
344(E2),T,409,E2,344,E2-stem,"E,F,G,H","E,F,G,H",no,-0.1347,0.0180,-0.1038,-0.0823
345(E2),N,410,E2,345,E2-stem,"E,F,G,H","E,F,G,H",no,-0.0854,0.1976,0.0037,-0.0839
346(E2),G,411,E2,346,E2-stem,"E,F,G,H","E,F,G,H",no,-0.1607,-0.1959,-0.0873,-0.0516
347(E2),T,412,E2,347,E2-stem,"E,F,G,H","E,F,G,H",no,-0.1483,-0.0066,-0.0228,0.0449
348(E2),A,413,E2,348,E2-stem,"E,F,G,H","E,F,G,H",no,-0.2693,-0.3331,-0.1605,-0.0726
349(E2),H,414,E2,349,E2-stem,"E,F,G,H","E,F,G,H",no,-0.3784,-0.3970,-0.1650,-0.0801
350(E2),G,415,E2,350,E2-stem,"E,F,G,H","E,F,G,H",no,-0.1041,0.1990,0.0431,0.1213
351(E2),H,416,E2,351,E2-stem,"E,F,G,H","E,F,G,H",no,-0.4315,-0.5424,-0.2802,0.1006
352(E2),P,417,E2,352,E2-stem,"E,F,G,H","E,F,G,H",no,-1.6888,-2.0750,-1.2097,-0.1728
353(E2),H,418,E2,353,E2-stem,"E,F,G,H","E,F,G,H",no,-0.6387,-0.3661,-0.3381,-0.1079
354(E2),E,419,E2,354,E2-stem,"E,F,G,H","E,F,G,H",no,-2.3459,-2.6574,-1.7993,-0.3782
355(E2),I,420,E2,355,E2-stem,"E,F,G,H","E,F,G,H",no,-2.1931,-2.6071,-1.7420,-0.2224
356(E2),I,421,E2,356,E2-stem,"E,F,G,H","E,F,G,H",no,-4.9468,-5.0682,-3.9837,0.0958
357(E2),L,422,E2,357,E2-stem,"E,F,G,H","E,F,G,H",no,-1.0064,-1.5273,-0.8746,-0.1674
358(E2),Y,423,E2,358,E2-stem,"E,F,G,H","E,F,G,H",no,-2.7651,-3.0357,-1.9919,-0.7138
359(E2),Y,424,E2,359,E2-stem,"E,F,G,H","E,F,G,H",no,-4.8853,-5.4507,-4.1124,-0.6656
360(E2),Y,425,E2,360,E2-stem,"E,F,G,H","E,F,G,H",no,-4.6370,-4.6781,-3.5434,-0.3286
361(E2),E,426,E2,361,E2-stem,"E,F,G,H","E,F,G,H",no,-1.6478,-1.3222,-1.2204,-0.0105
362(E2),L,427,E2,362,E2-stem,"E,F,G,H","E,F,G,H",no,-2.1737,-2.4393,-1.6389,-0.2384
363(E2),Y,428,E2,363,E2-transmembrane,"E,F,G,H","E,F,G,H",no,-4.7164,-4.7913,-3.7785,-0.2068
364(E2),P,429,E2,364,E2-transmembrane,"E,F,G,H","E,F,G,H",no,-7.2141,-6.7966,-6.3368,
365(E2),T,430,E2,365,E2-transmembrane,"E,F,G,H","E,F,G,H",no,-1.3726,-1.7016,-1.0713,-0.3088
366(E2),M,431,E2,366,E2-transmembrane,"E,F,G,H","E,F,G,H",no,-0.9789,-1.1125,-0.6104,-0.5328
367(E2),T,432,E2,367,E2-transmembrane,"E,F,G,H","E,F,G,H",no,-5.6486,-5.6279,-4.9233,-0.1548
368(E2),V,433,E2,368,E2-transmembrane,"E,F,G,H","E,F,G,H",no,-3.0868,-3.2088,-2.5320,-0.6162
369(E2),V,434,E2,369,E2-transmembrane,"E,F,G,H","E,F,G,H",no,-3.7088,-3.7269,-3.0452,-0.2078
370(E2),V,435,E2,370,E2-transmembrane,"E,F,G,H","E,F,G,H",no,-3.3506,-3.3176,-2.7847,-0.4517
371(E2),V,436,E2,371,E2-transmembrane,"E,F,G,H","E,F,G,H",no,-4.0904,-4.1798,-3.5790,-0.5365
372(E2),S,437,E2,372,E2-transmembrane,"E,F,G,H","E,F,G,H",no,-3.5739,-3.6626,-3.1062,-0.1606
373(E2),V,438,E2,373,E2-transmembrane,"E,F,G,H","E,F,G,H",no,-3.5461,-3.7123,-3.3218,-0.1093
374(E2),A,439,E2,374,E2-transmembrane,"E,F,G,H","E,F,G,H",no,-3.0437,-2.9919,-2.7325,0.1363
375(E2),S,440,E2,375,E2-transmembrane,"E,F,G,H","E,F,G,H",no,-2.8391,-2.8485,-2.4657,-0.2866
376(E2),F,441,E2,376,E2-transmembrane,"E,F,G,H","E,F,G,H",no,-3.4684,-3.5539,-3.2775,-0.6566
377(E2),V,442,E2,377,E2-transmembrane,"E,F,G,H","E,F,G,H",no,-3.3269,-3.1696,-2.3984,-0.1374
378(E2),L,443,E2,378,E2-transmembrane,"E,F,G,H","E,F,G,H",no,-2.9253,-2.8838,-2.2621,0.0760
379(E2),L,444,E2,379,E2-transmembrane,"E,F,G,H","E,F,G,H",no,-4.3874,-4.3187,-3.8258,-0.3532
380(E2),S,445,E2,380,E2-transmembrane,"E,F,G,H","E,F,G,H",no,-2.4350,-2.4699,-1.8084,-0.3694
381(E2),M,446,E2,381,E2-transmembrane,"E,F,G,H","E,F,G,H",no,-2.6179,-2.9438,-1.9485,-0.2901
382(E2),V,447,E2,382,E2-transmembrane,"E,F,G,H","E,F,G,H",no,-3.1655,-3.2557,-2.5121,-0.3173
383(E2),G,448,E2,383,E2-transmembrane,"E,F,G,H","E,F,G,H",no,-2.6299,-2.5221,-2.0550,-0.2589
384(E2),V,449,E2,384,E2-transmembrane,"E,F,G,H","E,F,G,H",no,-2.4288,-2.3684,-2.0346,-0.0898
385(E2),A,450,E2,385,E2-transmembrane,"E,F,G,H","E,F,G,H",no,-2.2347,-2.5198,-1.5864,-0.2424
386(E2),V,451,E2,386,E2-transmembrane,"E,F,G,H","E,F,G,H",no,-3.2655,-3.2279,-2.4326,-0.4306
387(E2),G,452,E2,387,E2-transmembrane,"E,F,G,H","E,F,G,H",no,-0.4766,-0.5126,-0.4104,-0.1791
388(E2),M,453,E2,388,E2-transmembrane,"E,F,G,H","E,F,G,H",no,-2.4661,-2.6809,-2.0867,-0.3146
389(E2),C,454,E2,389,E2-transmembrane,"E,F,G,H","E,F,G,H",no,-3.7325,-3.6729,-2.8367,-0.1914
390(E2),M,455,E2,390,E2-transmembrane,"E,F,G,H","E,F,G,H",no,-1.4997,-1.4214,-1.0669,-0.1199
391(E2),C,456,E2,391,E2-transmembrane,"E,F,G,H","E,F,G,H",no,-0.6340,-0.6835,-0.5648,-0.0339
392(E2),A,457,E2,392,E2-cytoplasmic,"E,F,G,H","E,F,G,H",no,-2.7493,-3.0305,-2.1437,-0.5921
393(E2),R,458,E2,393,E2-cytoplasmic,"E,F,G,H","E,F,G,H",no,-3.8674,-4.2209,-2.6271,-0.4373
394(E2),R,459,E2,394,E2-cytoplasmic,"E,F,G,H","E,F,G,H",no,-2.0182,-2.3111,-1.5048,-0.2786
395(E2),R,460,E2,395,E2-cytoplasmic,"E,F,G,H","E,F,G,H",no,-1.2896,-1.2642,-0.8412,-0.2653
396(E2),C,461,E2,396,E2-cytoplasmic,"E,F,G,H","E,F,G,H",no,-3.5304,-3.6598,-2.5786,-0.6309
397(E2),I,462,E2,397,E2-cytoplasmic,"E,F,G,H","E,F,G,H",no,-2.0665,-1.9492,-1.3862,-0.3901
398(E2),T,463,E2,398,E2-cytoplasmic,"E,F,G,H","E,F,G,H",no,-0.5398,-0.5316,-0.4358,-0.2145
399(E2),P,464,E2,399,E2-cytoplasmic,"E,F,G,H","E,F,G,H",no,-0.1288,0.0155,-0.0455,0.3920
400(E2),Y,465,E2,400,E2-cytoplasmic,"E,F,G,H","E,F,G,H",no,-1.3654,-1.9914,-1.3441,-0.7846
401(E2),E,466,E2,401,E2-cytoplasmic,"E,F,G,H","E,F,G,H",no,-0.1647,-0.0004,-0.1057,-0.1038
402(E2),L,467,E2,402,E2-cytoplasmic,"E,F,G,H","E,F,G,H",no,-0.3957,-0.3396,-0.2620,-0.0865
403(E2),T,468,E2,403,E2-cytoplasmic,"E,F,G,H","E,F,G,H",no,-1.6473,-1.4749,-1.2373,-0.0508
404(E2),P,469,E2,404,E2-cytoplasmic,"E,F,G,H","E,F,G,H",no,-0.8211,-0.9984,-0.6527,-0.6496
405(E2),G,470,E2,405,E2-cytoplasmic,"E,F,G,H","E,F,G,H",no,-1.1607,-1.2874,-0.7900,-0.4540
406(E2),A,471,E2,406,E2-cytoplasmic,"E,F,G,H","E,F,G,H",no,-0.5654,-0.6940,-0.2995,-0.1455
407(E2),T,472,E2,407,E2-cytoplasmic,"E,F,G,H","E,F,G,H",no,-0.6847,-0.6663,-0.4564,-0.1594
408(E2),V,473,E2,408,E2-cytoplasmic,"E,F,G,H","E,F,G,H",no,-2.3563,-2.5516,-1.7308,-0.4236
409(E2),P,474,E2,409,E2-cytoplasmic,"E,F,G,H","E,F,G,H",no,-5.1942,-5.5061,-3.9742,-0.6911
410(E2),F,475,E2,410,E2-cytoplasmic,"E,F,G,H","E,F,G,H",no,-1.3797,-1.4773,-1.0619,-0.1347
411(E2),L,476,E2,411,E2-cytoplasmic,"E,F,G,H","E,F,G,H",no,-3.2772,-3.1421,-2.7091,-0.2765
412(E2),L,477,E2,412,E2-cytoplasmic,"E,F,G,H","E,F,G,H",no,-3.6242,-3.9548,-3.3986,-0.4813
413(E2),S,478,E2,413,E2-cytoplasmic,"E,F,G,H","E,F,G,H",no,-2.4235,-2.4411,-1.6335,-0.5685
414(E2),L,479,E2,414,E2-cytoplasmic,"E,F,G,H","E,F,G,H",no,-3.8214,-4.0418,-3.2345,-0.4477
415(E2),I,480,E2,415,E2-cytoplasmic,"E,F,G,H","E,F,G,H",no,-3.6274,-3.7491,-2.7361,-0.0044
416(E2),C,481,E2,416,E2-cytoplasmic,"E,F,G,H","E,F,G,H",no,-5.4619,-5.6141,-4.1241,0.4919
417(E2),C,482,E2,417,E2-cytoplasmic,"E,F,G,H","E,F,G,H",no,-6.1408,-6.2092,-4.4543,0.7293
418(E2),I,483,E2,418,E2-cytoplasmic,"E,F,G,H","E,F,G,H",no,-3.3411,-3.3451,-2.4134,0.2107
419(E2),R,484,E2,419,E2-cytoplasmic,"E,F,G,H","E,F,G,H",no,-3.3342,-3.4739,-2.6898,-0.0021
420(E2),T,485,E2,420,E2-cytoplasmic,"E,F,G,H","E,F,G,H",no,-0.8238,-0.8745,-0.6089,-0.1723
421(E2),A,486,E2,421,E2-cytoplasmic,"E,F,G,H","E,F,G,H",no,-5.2617,-5.2612,-5.1514,-0.1876
422(E2),K,487,E2,422,E2-cytoplasmic,"E,F,G,H","E,F,G,H",no,-2.4674,-2.6791,-2.1211,0.1327
423(E2),A,488,E2,423,E2-cytoplasmic,"E,F,G,H","E,F,G,H",no,-6.2294,-6.3036,-6.0598,0.9626
1(6K),A,489,6K,1,6K,,,no,-0.5557,-0.4885,-0.4837,0.1278
2(6K),T,490,6K,2,6K,,,no,-0.3298,-0.4215,-0.2466,0.0598
3(6K),Y,491,6K,3,6K,,,no,-0.1001,-0.0011,-0.0234,0.0305
4(6K),Q,492,6K,4,6K,,,no,-0.2764,-0.2274,-0.1030,0.0522
5(6K),E,493,6K,5,6K,,,no,-0.5528,-0.6460,-0.3855,0.1083
6(6K),A,494,6K,6,6K,,,no,-0.1614,-0.1400,-0.1650,0.1237
7(6K),A,495,6K,7,6K,,,no,-0.1520,-0.1538,-0.1410,0.0882
8(6K),V,496,6K,8,6K,,,no,-0.1426,-0.0905,-0.0949,-0.0262
9(6K),Y,497,6K,9,6K,,,no,0.0027,-0.0955,-0.0227,0.1259
10(6K),L,498,6K,10,6K,,,no,-0.1057,-0.0573,0.0105,0.0516
11(6K),W,499,6K,11,6K,,,no,0.0221,0.0310,-0.0232,0.0447
12(6K),N,500,6K,12,6K,,,no,-0.1417,-0.1200,-0.0818,0.0602
13(6K),E,501,6K,13,6K,,,no,-0.3635,-0.2624,-0.1155,0.0888
14(6K),Q,502,6K,14,6K,,,no,-0.2484,-0.1141,-0.0903,0.0542
15(6K),Q,503,6K,15,6K,,,no,-0.0684,-0.2257,-0.0305,0.0464
16(6K),P,504,6K,16,6K,,,no,-0.1299,-0.1443,-0.1675,0.0550
17(6K),L,505,6K,17,6K,,,no,-0.3124,-0.1322,-0.1598,0.0902
18(6K),F,506,6K,18,6K,,,no,-0.1822,-0.0808,-0.0475,0.1271
19(6K),W,507,6K,19,6K,,,no,-0.2919,-0.3964,-0.1612,0.0431
20(6K),L,508,6K,20,6K,,,no,-0.1428,-0.1700,-0.1652,0.0912
21(6K),Q,509,6K,21,6K,,,no,-0.0735,0.0170,-0.0232,0.1549
22(6K),A,510,6K,22,6K,,,no,-0.2704,-0.2695,-0.1772,0.0678
23(6K),L,511,6K,23,6K,,,no,-0.3919,-0.5269,-0.1956,-0.0108
24(6K),I,512,6K,24,6K,,,no,-0.4082,-0.4710,-0.2375,0.0643
25(6K),P,513,6K,25,6K,,,no,-0.1483,-0.2615,-0.0895,0.1398
26(6K),L,514,6K,26,6K,,,no,-1.4615,-1.5325,-0.8831,0.0808
27(6K),A,515,6K,27,6K,,,no,-1.4578,-1.1549,-1.0119,0.2451
28(6K),A,516,6K,28,6K,,,no,-0.3531,-0.6163,-0.2496,0.0856
29(6K),L,517,6K,29,6K,,,no,-0.6959,-0.6316,-0.3679,0.0997
30(6K),I,518,6K,30,6K,,,no,-0.9444,-0.7800,-0.5729,0.0856
31(6K),V,519,6K,31,6K,,,no,-0.3411,-0.3804,-0.1609,-0.0379
32(6K),L,520,6K,32,6K,,,no,-0.1184,-0.2265,-0.1268,0.0708
33(6K),C,521,6K,33,6K,,,no,-0.1903,-0.2023,-0.1305,0.1368
34(6K),N,522,6K,34,6K,,,no,-0.1041,-0.1393,-0.0541,0.0423
35(6K),C,523,6K,35,6K,,,no,-0.0465,-0.0977,-0.0815,0.1168
36(6K),L,524,6K,36,6K,,,no,-0.1615,-0.1492,-0.1156,0.0959
37(6K),R,525,6K,37,6K,,,no,-0.1347,-0.0929,-0.1171,0.0579
38(6K),L,526,6K,38,6K,,,no,-0.0344,0.0078,-0.0561,0.1174
39(6K),L,527,6K,39,6K,,,no,-0.0591,-0.0287,-0.0887,0.0743
40(6K),P,528,6K,40,6K,,,no,-0.3502,-0.2998,-0.1521,0.0363
41(6K),C,529,6K,41,6K,,,no,-0.2389,-0.2058,-0.1352,0.1360
42(6K),F,530,6K,42,6K,,,no,-0.1360,-0.0159,-0.0105,-0.0129
43(6K),C,531,6K,43,6K,,,no,-0.1266,-0.1000,-0.0762,0.1359
44(6K),K,532,6K,44,6K,,,no,-0.2746,-0.2531,-0.1805,0.2007
45(6K),T,533,6K,45,6K,,,no,-0.2113,-0.1002,0.0047,0.0535
46(6K),L,534,6K,46,6K,,,no,-0.3564,-0.2499,-0.1696,0.0285
47(6K),T,535,6K,47,6K,,,no,-0.2046,-0.2526,-0.1682,0.0196
48(6K),F,536,6K,48,6K,,,no,-1.2631,-1.2541,-0.7647,0.0329
49(6K),L,537,6K,49,6K,,,no,-2.4487,-2.3074,-1.9116,0.0025
50(6K),A,538,6K,50,6K,,,no,-1.5904,-1.3219,-1.0256,0.0432
51(6K),V,539,6K,51,6K,,,no,-2.6507,-2.4160,-2.0722,0.1608
52(6K),M,540,6K,52,6K,,,no,-2.4305,-2.3905,-2.1239,0.1783
53(6K),S,541,6K,53,6K,,,no,-0.1908,-0.1311,-0.0464,0.0614
54(6K),V,542,6K,54,6K,,,no,-0.4308,-0.4297,-0.2493,0.0167
55(6K),G,543,6K,55,6K,,,no,-0.1235,-0.1399,-0.0902,0.1268
56(6K),A,544,6K,56,6K,,,no,-0.0770,-0.1962,-0.0890,0.1568
57(6K),H,545,6K,57,6K,,,no,-0.3313,-0.2091,-0.1450,0.1069
58(6K),T,546,6K,58,6K,,,no,-0.0100,-0.0739,-0.0112,0.0757
59(6K),V,547,6K,59,6K,,,no,-2.9038,-2.5054,-2.3633,0.2260
60(6K),S,548,6K,60,6K,,,no,-0.2916,-0.2425,-0.2174,0.0674
61(6K),A,549,6K,61,6K,,,no,-4.7195,-4.5054,-4.1840,0.1896
1(E1),Y,550,E1,1,E1-domain I,"A,B,C,D","A,B,C,D",no,-1.4919,-1.2264,-1.1360,-0.1036
2(E1),E,551,E1,2,E1-domain I,"A,B,C,D","A,B,C,D",no,-6.4423,-5.5939,-6.6452,1.0235
3(E1),H,552,E1,3,E1-domain I,"A,B,C,D","A,B,C,D",no,-5.8927,-5.2055,-6.2073,0.3415
4(E1),V,553,E1,4,E1-domain I,"A,B,C,D","A,B,C,D",no,-1.4067,-1.2290,-1.3746,0.2089
5(E1),T,554,E1,5,E1-domain I,"A,B,C,D","A,B,C,D",no,-1.7064,-1.9508,-1.6269,-0.2914
6(E1),V,555,E1,6,E1-domain I,"A,B,C,D","A,B,C,D",no,-1.5768,-1.6456,-1.5167,0.0116
7(E1),I,556,E1,7,E1-domain I,"A,B,C,D","A,B,C,D",no,-4.1006,-4.0077,-3.4551,-0.2959
8(E1),P,557,E1,8,E1-domain I,"A,B,C,D","A,B,C,D",no,-5.0098,-4.7618,-4.9875,0.2300
9(E1),N,558,E1,9,E1-domain I,"A,B,C,D","A,B,C,D",no,-2.5059,-2.6435,-1.9543,-0.3322
10(E1),T,559,E1,10,E1-domain I,"A,B,C,D","A,B,C,D",no,-0.5320,-0.5553,-0.5147,0.0809
11(E1),V,560,E1,11,E1-domain I,"A,B,C,D","A,B,C,D",no,-1.8139,-1.8386,-1.5336,-0.1350
12(E1),G,561,E1,12,E1-domain I,"A,B,C,D","A,B,C,D",no,-1.7399,-1.7589,-1.3754,-0.0546
13(E1),V,562,E1,13,E1-domain I,"A,B,C,D","A,B,C,D",no,-2.2959,-2.5431,-1.9092,0.0555
14(E1),P,563,E1,14,E1-domain I,"A,B,C,D","A,B,C,D",no,-0.3060,-0.3512,-0.3070,0.0222
15(E1),Y,564,E1,15,E1-domain I,"A,B,C,D","A,B,C,D",no,-1.6526,-1.7485,-1.3390,-0.1144
16(E1),K,565,E1,16,E1-domain I,"A,B,C,D","A,B,C,D",no,-4.9303,-5.3406,-4.1852,-0.9243
17(E1),T,566,E1,17,E1-domain I,"A,B,C,D","A,B,C,D",no,-2.4483,-2.9232,-2.2324,-0.2230
18(E1),L,567,E1,18,E1-domain I,"A,B,C,D","A,B,C,D",no,-1.8030,-2.1724,-1.5595,-0.1962
19(E1),V,568,E1,19,E1-domain I,"A,B,C,D","A,B,C,D",no,-5.1856,-5.1118,-5.0022,-0.2484
20(E1),N,569,E1,20,E1-domain I,"A,B,C,D","A,B,C,D",no,-0.4027,-0.4628,-0.4553,-0.0725
21(E1),R,570,E1,21,E1-domain I,"A,B,C,D","A,B,C,D",no,-2.6462,-2.2279,-2.0388,0.1072
22(E1),P,571,E1,22,E1-domain I,"A,B,C,D","A,B,C,D",no,-0.6537,-1.2054,-0.2943,-0.3574
23(E1),G,572,E1,23,E1-domain I,"A,B,C,D","A,B,C,D",no,-1.1459,-1.3758,-0.6067,-0.0304
24(E1),Y,573,E1,24,E1-domain I,"A,B,C,D","A,B,C,D",no,-3.2826,-3.3222,-2.6579,-0.1075
25(E1),S,574,E1,25,E1-domain I,"A,B,C,D","A,B,C,D",no,-4.9101,-5.4345,-4.5377,-0.1013
26(E1),P,575,E1,26,E1-domain I,"A,B,C,D","A,B,C,D",no,-3.6853,-4.6648,-3.0212,-0.4249
27(E1),M,576,E1,27,E1-domain I,"A,B,C,D","A,B,C,D",no,-3.0004,-2.8618,-2.6088,-0.1990
28(E1),V,577,E1,28,E1-domain I,"A,B,C,D","A,B,C,D",no,-4.3528,-4.5995,-4.1749,-0.7928
29(E1),L,578,E1,29,E1-domain I,"A,B,C,D","A,B,C,D",no,-4.7865,-4.6605,-4.6768,0.0644
30(E1),E,579,E1,30,E1-domain I,"A,B,C,D","A,B,C,D",no,-2.7925,-2.5812,-2.4364,0.1018
31(E1),M,580,E1,31,E1-domain I,"A,B,C,D","A,B,C,D",no,-3.3561,-3.2950,-2.9227,-0.1853
32(E1),E,581,E1,32,E1-domain I,"A,B,C,D","A,B,C,D",no,-2.4605,-2.0736,-1.9412,0.4133
33(E1),L,582,E1,33,E1-domain I,"A,B,C,D","A,B,C,D",no,-4.9079,-4.6238,-4.4895,0.2335
34(E1),L,583,E1,34,E1-domain I,"A,B,C,D","A,B,C,D",no,-0.9327,-0.8036,-0.7675,0.1144
35(E1),S,584,E1,35,E1-domain I,"A,B,C,D","A,B,C,D",no,-0.5351,-0.4352,-0.4771,0.2680
36(E1),V,585,E1,36,E1-domain I,"A,B,C,D","A,B,C,D",no,-2.8115,-2.7110,-2.3628,0.0560
37(E1),T,586,E1,37,E1-domain I,"A,B,C,D","A,B,C,D",intraspike,-0.8724,-0.8377,-0.7312,0.0122
38(E1),L,587,E1,38,E1-domain I,"A,B,C,D","A,B,C,D",no,-4.0262,-3.8786,-3.4260,0.3806
39(E1),E,588,E1,39,E1-domain I,"A,B,C,D","A,B,C,D",no,-0.8412,-0.7433,-0.6873,-0.4706
40(E1),P,589,E1,40,E1-domain II,"A,B,C,D","A,B,C,D",no,-5.6798,-5.5776,-5.4769,0.3074
41(E1),T,590,E1,41,E1-domain II,"A,B,C,D","A,B,C,D",no,-2.7524,-2.7178,-2.7401,0.5809
42(E1),L,591,E1,42,E1-domain II,"A,B,C,D","A,B,C,D",no,-5.3202,-5.0220,-4.9600,0.2332
43(E1),S,592,E1,43,E1-domain II,"A,B,C,D","A,B,C,D",no,-0.9554,-0.9693,-0.8398,0.0387
44(E1),L,593,E1,44,E1-domain II,"A,B,C,D","A,B,C,D",no,-3.6876,-2.6733,-3.2318,0.0968
45(E1),D,594,E1,45,E1-domain II,"A,B,C,D","A,B,C,D",no,-3.4669,-2.6562,-3.0455,0.4815
46(E1),Y,595,E1,46,E1-domain II,"A,B,C,D","A,B,C,D",no,-6.7742,-6.6477,-6.8320,0.5161
47(E1),I,596,E1,47,E1-domain II,"A,B,C,D","A,B,C,D",no,-4.6895,-3.8457,-4.0487,-0.0880
48(E1),T,597,E1,48,E1-domain II,"A,B,C,D","A,B,C,D",no,-6.7216,-6.5009,-6.5384,0.2470
49(E1),C,598,E1,49,E1-domain II,"A,B,C,D","A,B,C,D",no,-7.5117,-7.4103,-7.5573,-0.0615
50(E1),E,599,E1,50,E1-domain II,"A,B,C,D","A,B,C,D",no,-2.0285,-2.2635,-1.5629,-0.3144
51(E1),Y,600,E1,51,E1-domain II,"A,B,C,D","A,B,C,D",no,-6.4228,-5.6283,-5.3647,-0.5216
52(E1),K,601,E1,52,E1-domain II,"A,B,C,D","A,B,C,D",no,-0.3727,-0.2499,-0.4263,0.4559
53(E1),T,602,E1,53,E1-domain II,"A,B,C,D","A,B,C,D",no,-4.7480,-4.2963,-4.4405,0.0142
54(E1),V,603,E1,54,E1-domain II,"A,B,C,D","A,B,C,D",no,-1.8115,-1.3851,-1.5092,-0.0501
55(E1),I,604,E1,55,E1-domain II,"A,B,C,D","A,B,C,D",no,-3.7606,-3.3768,-3.6125,0.2635
56(E1),P,605,E1,56,E1-domain II,"A,B,C,D","A,B,C,D",no,-4.0288,-5.0406,-3.2515,-0.2793
57(E1),S,606,E1,57,E1-domain II,"A,B,C,D","A,B,C,D",no,-6.8171,-6.9003,-6.3221,0.3347
58(E1),P,607,E1,58,E1-domain II,"A,B,C,D","A,B,C,D",no,-7.4633,-7.4023,-7.4998,
59(E1),Y,608,E1,59,E1-domain II,"A,B,C,D","A,B,C,D",no,-5.0379,-5.5100,-3.6421,0.5086
60(E1),V,609,E1,60,E1-domain II,"A,B,C,D","A,B,C,D",no,-6.8455,-6.5914,-6.7475,1.0345
61(E1),K,610,E1,61,E1-domain II,"A,B,C,D","A,B,C,D",no,-3.0647,-2.9106,-2.2282,-0.0545
62(E1),C,611,E1,62,E1-domain II,"A,B,C,D","A,B,C,D",no,-7.4901,-7.3339,-7.5529,1.5835
63(E1),C,612,E1,63,E1-domain II,"A,B,C,D","A,B,C,D",no,-7.5200,-7.3455,-7.5577,1.7760
64(E1),G,613,E1,64,E1-domain II,"A,B,C,D","A,B,C,D",no,-5.9270,-5.8273,-5.4827,0.2014
65(E1),T,614,E1,65,E1-domain II,"A,B,C,D","A,B,C,D",no,-2.1965,-2.8318,-2.0551,0.3047
66(E1),A,615,E1,66,E1-domain II,"A,B,C,D","A,B,C,D",no,-3.4348,-2.8350,-2.4442,-0.2421
67(E1),E,616,E1,67,E1-domain II,"A,B,C,D","A,B,C,D",no,-3.8368,-5.8034,-3.8499,0.9947
68(E1),C,617,E1,68,E1-domain II,"A,B,C,D","A,B,C,D",no,-7.4745,-7.3669,-7.4908,0.8850
69(E1),K,618,E1,69,E1-domain II,"A,B,C,D","A,B,C,D",no,-0.6193,-0.6101,-0.3106,-0.0864
70(E1),D,619,E1,70,E1-domain II,"A,B,C,D","A,B,C,D",no,-0.4755,-0.3987,-0.3208,0.2197
71(E1),K,620,E1,71,E1-domain II,"A,B,C,D","A,B,C,D",interspike,-0.9639,-0.7348,-0.8948,0.2545
72(E1),S,621,E1,72,E1-domain II,"A,B,C,D","A,B,C,D",interspike,-0.1495,-0.1241,-0.1372,0.0754
73(E1),L,622,E1,73,E1-domain II,"A,B,C,D","A,B,C,D",interspike,-1.0750,-0.5885,-0.9338,0.1812
74(E1),P,623,E1,74,E1-domain II,"A,B,C,D","A,B,C,D",interspike,-3.9391,-2.8187,-4.2367,0.8140
75(E1),D,624,E1,75,E1-domain II,"A,B,C,D","A,B,C,D",no,-5.5408,-5.4076,-5.2189,0.3490
76(E1),Y,625,E1,76,E1-domain II,"A,B,C,D","A,B,C,D",no,-6.5777,-6.1454,-6.4823,-0.1673
77(E1),S,626,E1,77,E1-domain II,"A,B,C,D","A,B,C,D",no,-0.9983,-1.0722,-0.9588,-0.0044
78(E1),C,627,E1,78,E1-domain II,"A,B,C,D","A,B,C,D",no,-7.4563,-7.3362,-7.4805,0.9684
79(E1),K,628,E1,79,E1-domain II,"A,B,C,D","A,B,C,D",no,-0.8642,-0.9159,-0.7543,0.1393
80(E1),V,629,E1,80,E1-domain II,"A,B,C,D","A,B,C,D",no,-5.2858,-4.7506,-4.4386,0.0952
81(E1),F,630,E1,81,E1-domain II,"A,B,C,D","A,B,C,D",no,-6.1981,-5.5641,-5.7383,0.4404
82(E1),T,631,E1,82,E1-domain II,"A,B,C,D","A,B,C,D",no,-0.7432,-1.1616,-0.5973,0.3887
83(E1),G,632,E1,83,E1-domain II,"A,B,C,D","A,B,C,D",wrapped,-4.2048,-4.3507,-3.9350,0.7119
84(E1),V,633,E1,84,E1-fusion loop,"A,B,C,D","A,B,C,D",no,-7.0845,-6.8752,-6.9874,1.7825
85(E1),Y,634,E1,85,E1-fusion loop,"A,B,C,D","A,B,C,D",wrapped,-7.4804,-7.2245,-7.5186,
86(E1),P,635,E1,86,E1-fusion loop,"A,B,C,D","A,B,C,D",no,-7.4352,-7.1990,-7.3738,-0.7525
87(E1),F,636,E1,87,E1-fusion loop,"A,B,C,D","A,B,C,D",wrapped,-6.7658,-6.8335,-6.6093,-0.0954
88(E1),M,637,E1,88,E1-fusion loop,"A,B,C,D","A,B,C,D",wrapped,-6.7369,-6.8064,-6.1269,-0.0851
89(E1),W,638,E1,89,E1-fusion loop,"A,B,C,D","A,B,C,D",wrapped,-7.5229,-7.4314,-7.5794,
90(E1),G,639,E1,90,E1-fusion loop,"A,B,C,D","A,B,C,D",wrapped,-7.5746,-7.4369,-7.5836,2.4520
91(E1),G,640,E1,91,E1-fusion loop,"A,B,C,D","A,B,C,D",wrapped,-7.4965,-7.3556,-7.5192,
92(E1),A,641,E1,92,E1-fusion loop,"A,B,C,D","A,B,C,D",no,-6.5234,-6.1358,-5.9849,0.3527
93(E1),Y,642,E1,93,E1-fusion loop,"A,B,C,D","A,B,C,D",no,-5.7587,-5.5937,-5.1138,-0.2650
94(E1),C,643,E1,94,E1-fusion loop,"A,B,C,D","A,B,C,D",no,-7.4733,-7.4015,-7.5252,2.1850
95(E1),F,644,E1,95,E1-fusion loop,"A,B,C,D","A,B,C,D",no,-6.7065,-6.3696,-6.4389,0.7384
96(E1),C,645,E1,96,E1-fusion loop,"A,B,C,D","A,B,C,D",no,-7.5230,-7.4327,-7.5625,2.2870
97(E1),D,646,E1,97,E1-fusion loop,"A,B,C,D","A,B,C,D",no,-4.0312,-5.3448,-4.4379,0.5584
98(E1),T,647,E1,98,E1-fusion loop,"A,B,C,D","A,B,C,D",no,-2.0339,-3.3396,-1.9059,0.6408
99(E1),E,648,E1,99,E1-fusion loop,"A,B,C,D","A,B,C,D",no,-6.2074,-6.4964,-5.8966,0.3714
100(E1),N,649,E1,100,E1-domain II,"A,B,C,D","A,B,C,D",no,-7.4501,-7.4049,-7.5095,
101(E1),T,650,E1,101,E1-domain II,"A,B,C,D","A,B,C,D",no,-3.6204,-2.9459,-3.1689,0.0275
102(E1),Q,651,E1,102,E1-domain II,"A,B,C,D","A,B,C,D",no,-7.5233,-7.3942,-7.5724,
103(E1),L,652,E1,103,E1-domain II,"A,B,C,D","A,B,C,D",no,-4.9720,-4.7013,-4.3077,-0.5126
104(E1),S,653,E1,104,E1-domain II,"A,B,C,D","A,B,C,D",no,-6.4286,-6.0136,-6.1418,-0.0671
105(E1),E,654,E1,105,E1-domain II,"A,B,C,D","A,B,C,D",no,-6.3335,-6.1412,-5.3975,-0.1045
106(E1),A,655,E1,106,E1-domain II,"A,B,C,D","A,B,C,D",no,-5.4228,-5.2866,-5.2437,-0.2879
107(E1),H,656,E1,107,E1-domain II,"A,B,C,D","A,B,C,D",no,-4.9532,-4.3935,-4.5444,-0.1134
108(E1),V,657,E1,108,E1-domain II,"A,B,C,D","A,B,C,D",no,-6.1038,-5.7963,-5.9634,0.1809
109(E1),E,658,E1,109,E1-domain II,"A,B,C,D","A,B,C,D",no,-1.3683,-1.3528,-1.0420,0.0195
110(E1),K,659,E1,110,E1-domain II,"A,B,C,D","A,B,C,D",no,-3.3857,-2.6922,-3.2584,0.0034
111(E1),S,660,E1,111,E1-domain II,"A,B,C,D","A,B,C,D",no,-3.8956,-3.6343,-3.4868,0.0803
112(E1),E,661,E1,112,E1-domain II,"A,B,C,D","A,B,C,D",interspike,-1.1578,-1.3236,-1.2315,0.2246
113(E1),S,662,E1,113,E1-domain II,"A,B,C,D","A,B,C,D",no,-6.2120,-6.1076,-6.0173,0.8835
114(E1),C,663,E1,114,E1-domain II,"A,B,C,D","A,B,C,D",no,-7.5066,-7.3845,-7.5096,2.6000
115(E1),K,664,E1,115,E1-domain II,"A,B,C,D","A,B,C,D",interspike,-0.8509,-0.8191,-0.4633,-0.0083
116(E1),T,665,E1,116,E1-domain II,"A,B,C,D","A,B,C,D",no,-1.6457,-1.6868,-1.1963,-0.6134
117(E1),E,666,E1,117,E1-domain II,"A,B,C,D","A,B,C,D",no,-7.0546,-6.9111,-6.8963,1.1342
118(E1),F,667,E1,118,E1-domain II,"A,B,C,D","A,B,C,D",no,-3.9784,-3.5254,-3.8156,0.2178
119(E1),A,668,E1,119,E1-domain II,"A,B,C,D","A,B,C,D",no,-6.4896,-6.3357,-6.2172,0.1366
120(E1),S,669,E1,120,E1-domain II,"A,B,C,D","A,B,C,D",no,-1.2457,-1.0038,-0.8951,0.0117
121(E1),A,670,E1,121,E1-domain II,"A,B,C,D","A,B,C,D",no,-5.4560,-5.2952,-5.2867,0.3293
122(E1),Y,671,E1,122,E1-domain II,"A,B,C,D","A,B,C,D",no,-3.2877,-2.8962,-2.9596,0.1200
123(E1),R,672,E1,123,E1-domain II,"A,B,C,D","A,B,C,D",no,-1.1501,-1.3874,-0.7932,-0.2398
124(E1),A,673,E1,124,E1-domain II,"A,B,C,D","A,B,C,D",no,-4.6886,-4.1587,-4.4900,0.5860
125(E1),H,674,E1,125,E1-domain II,"A,B,C,D","A,B,C,D",no,-2.7069,-2.7272,-2.6698,0.1523
126(E1),T,675,E1,126,E1-domain II,"A,B,C,D","A,B,C,D",no,-6.0792,-5.8413,-6.3559,0.0675
127(E1),A,676,E1,127,E1-domain II,"A,B,C,D","A,B,C,D",no,-6.2282,-6.1335,-6.2336,0.1640
128(E1),S,677,E1,128,E1-domain II,"A,B,C,D","A,B,C,D",no,-0.4504,-0.4583,-0.4870,0.0825
129(E1),A,678,E1,129,E1-domain I,"A,B,C,D","A,B,C,D",no,-1.2954,-1.3851,-1.2369,0.1674
130(E1),S,679,E1,130,E1-domain I,"A,B,C,D","A,B,C,D",intraspike,-0.9230,-1.2028,-0.7685,-0.1953
131(E1),A,680,E1,131,E1-domain I,"A,B,C,D","A,B,C,D",no,-4.7767,-4.6394,-4.5743,-0.1653
132(E1),K,681,E1,132,E1-domain I,"A,B,C,D","A,B,C,D",intraspike,-1.1407,-0.7449,-0.5622,-1.7551
133(E1),L,682,E1,133,E1-domain I,"A,B,C,D","A,B,C,D",no,-4.6597,-4.4554,-4.4855,-0.0066
134(E1),R,683,E1,134,E1-domain I,"A,B,C,D","A,B,C,D",no,-4.0925,-3.6475,-3.4694,-0.0805
135(E1),V,684,E1,135,E1-domain I,"A,B,C,D","A,B,C,D",no,-4.4568,-4.3976,-4.2672,0.1091
136(E1),L,685,E1,136,E1-domain I,"A,B,C,D","A,B,C,D",no,-1.0439,-0.9048,-0.8745,0.2953
137(E1),Y,686,E1,137,E1-domain I,"A,B,C,D","A,B,C,D",no,-2.8059,-2.4099,-2.4283,0.2706
138(E1),Q,687,E1,138,E1-domain I,"A,B,C,D","A,B,C,D",no,-0.1684,-0.0414,-0.1481,0.3466
139(E1),G,688,E1,139,E1-domain I,"A,B,C,D","A,B,C,D",no,-1.9372,-1.8460,-1.3637,-0.1089
140(E1),N,689,E1,140,E1-domain I,"A,B,C,D","A,B,C,D",no,-0.5656,-0.5207,-0.4539,-0.0226
141(E1),N,690,E1,141,E1-domain I,"A,B,C,D","A,B,C,D",no,-3.3640,-3.2152,-2.6014,-0.3063
142(E1),V,691,E1,142,E1-domain I,"A,B,C,D","A,B,C,D",intraspike,-0.8845,-0.9607,-0.6936,-0.1263
143(E1),T,692,E1,143,E1-domain I,"A,B,C,D","A,B,C,D",intraspike,-3.7441,-3.3883,-2.7220,-0.3691
144(E1),V,693,E1,144,E1-domain I,"A,B,C,D","A,B,C,D",no,-3.2778,-3.5135,-2.7136,0.0659
145(E1),S,694,E1,145,E1-domain I,"A,B,C,D","A,B,C,D",intraspike,-0.3494,-0.4441,-0.1844,-0.1362
146(E1),A,695,E1,146,E1-domain I,"A,B,C,D","A,B,C,D",intraspike,-2.6378,-2.7302,-2.3579,0.1143
147(E1),Y,696,E1,147,E1-domain I,"A,B,C,D","A,B,C,D",intraspike,-3.8759,-3.6400,-4.1163,-0.5080
148(E1),A,697,E1,148,E1-domain I,"A,B,C,D","A,B,C,D",no,-3.3081,-2.9811,-2.5407,-0.4868
149(E1),N,698,E1,149,E1-domain I,"A,B,C,D","A,B,C,D",no,-1.2031,-1.0755,-0.8012,-0.2089
150(E1),G,699,E1,150,E1-domain I,"A,B,C,D","A,B,C,D",no,-4.4722,-4.1741,-3.7266,-0.2465
151(E1),D,700,E1,151,E1-domain I,"A,B,C,D","A,B,C,D",no,-1.8150,-1.6286,-1.8678,0.2459
152(E1),H,701,E1,152,E1-domain I,"A,B,C,D","A,B,C,D",intraspike,-0.7235,-1.2055,-0.6718,-0.3563
153(E1),A,702,E1,153,E1-domain I,"A,B,C,D","A,B,C,D",no,-0.1525,-0.1830,-0.1200,0.1900
154(E1),V,703,E1,154,E1-domain I,"A,B,C,D","A,B,C,D",intraspike,-1.3669,-1.4517,-1.0275,-0.2646
155(E1),T,704,E1,155,E1-domain I,"A,B,C,D","A,B,C,D",no,-0.2023,-0.2978,-0.2553,-0.0956
156(E1),V,705,E1,156,E1-domain I,"A,B,C,D","A,B,C,D",intraspike,-0.5413,-0.4380,-0.4251,0.3858
157(E1),K,706,E1,157,E1-domain I,"A,B,C,D","A,B,C,D",intraspike,-0.8457,-0.5255,-0.2958,-0.8433
158(E1),D,707,E1,158,E1-domain I,"A,B,C,D","A,B,C,D",no,-0.7833,-0.4687,-0.6513,1.1136
159(E1),A,708,E1,159,E1-domain I,"A,B,C,D","A,B,C,D",no,-1.8683,-1.7394,-1.7796,0.4330
160(E1),K,709,E1,160,E1-domain I,"A,B,C,D","A,B,C,D",no,-1.1427,-1.0901,-0.4681,-0.3746
161(E1),F,710,E1,161,E1-domain I,"A,B,C,D","A,B,C,D",no,-4.2812,-4.3494,-4.2302,-0.2890
162(E1),I,711,E1,162,E1-domain I,"A,B,C,D","A,B,C,D",no,-1.5354,-1.3149,-1.2815,-0.1318
163(E1),V,712,E1,163,E1-domain I,"A,B,C,D","A,B,C,D",no,-3.9602,-3.6885,-3.5316,-0.2329
164(E1),G,713,E1,164,E1-domain I,"A,B,C,D","A,B,C,D",no,-6.7207,-6.4673,-5.8099,0.1271
165(E1),P,714,E1,165,E1-domain I,"A,B,C,D","A,B,C,D",no,-6.3229,-6.0687,-6.3067,0.0211
166(E1),M,715,E1,166,E1-domain I,"A,B,C,D","A,B,C,D",no,-3.3339,-3.0099,-3.1642,0.3024
167(E1),S,716,E1,167,E1-domain I,"A,B,C,D","A,B,C,D",no,-5.9484,-5.5682,-5.9479,0.1265
168(E1),S,717,E1,168,E1-domain I,"A,B,C,D","A,B,C,D",no,-2.2807,-2.4763,-2.2632,0.0349
169(E1),A,718,E1,169,E1-domain II,"A,B,C,D","A,B,C,D",no,-4.0576,-3.5731,-4.1303,0.0388
170(E1),W,719,E1,170,E1-domain II,"A,B,C,D","A,B,C,D",no,-5.5447,-5.4269,-5.6422,0.7825
171(E1),T,720,E1,171,E1-domain II,"A,B,C,D","A,B,C,D",no,-5.9208,-5.7399,-5.9405,0.0007
172(E1),P,721,E1,172,E1-domain II,"A,B,C,D","A,B,C,D",no,-7.1452,-6.8146,-6.9700,-0.2126
173(E1),F,722,E1,173,E1-domain II,"A,B,C,D","A,B,C,D",no,-7.3026,-6.9346,-6.9351,-0.0554
174(E1),D,723,E1,174,E1-domain II,"A,B,C,D","A,B,C,D",no,-3.1007,-2.2804,-3.2728,0.5984
175(E1),N,724,E1,175,E1-domain II,"A,B,C,D","A,B,C,D",no,-0.5422,-0.5389,-0.4180,0.1249
176(E1),K,725,E1,176,E1-domain II,"A,B,C,D","A,B,C,D",no,-3.3461,-3.4635,-2.7240,-0.3178
177(E1),I,726,E1,177,E1-domain II,"A,B,C,D","A,B,C,D",no,-6.2115,-6.0677,-6.1105,-0.2676
178(E1),V,727,E1,178,E1-domain II,"A,B,C,D","A,B,C,D",no,-6.2614,-6.0458,-6.0211,-0.2198
179(E1),V,728,E1,179,E1-domain II,"A,B,C,D","A,B,C,D",no,-4.7974,-4.1465,-4.1199,0.0818
180(E1),Y,729,E1,180,E1-domain II,"A,B,C,D","A,B,C,D",no,-6.9263,-6.8512,-6.7865,-0.6414
181(E1),K,730,E1,181,E1-domain II,"A,B,C,D","A,B,C,D",no,-3.0454,-1.6971,-1.4627,-1.4486
182(E1),G,731,E1,182,E1-domain II,"A,B,C,D","A,B,C,D",no,-0.6036,-0.5057,-0.5407,0.2177
183(E1),D,732,E1,183,E1-domain II,"A,B,C,D","A,B,C,D",no,-2.7302,-2.9972,-2.1632,-0.6504
184(E1),V,733,E1,184,E1-domain II,"A,B,C,D","A,B,C,D",no,-5.9610,-5.8653,-5.8642,-0.0806
185(E1),Y,734,E1,185,E1-domain II,"A,B,C,D","A,B,C,D",no,-6.4276,-6.2441,-6.2377,-0.5922
186(E1),N,735,E1,186,E1-domain II,"A,B,C,D","A,B,C,D",no,-7.0285,-6.9266,-6.9076,0.9050
187(E1),M,736,E1,187,E1-domain II,"A,B,C,D","A,B,C,D",no,-1.6330,-1.4623,-1.3517,-0.1795
188(E1),D,737,E1,188,E1-domain II,"A,B,C,D","A,B,C,D",no,-2.2374,-2.0016,-2.1240,0.4270
189(E1),Y,738,E1,189,E1-domain II,"A,B,C,D","A,B,C,D",no,-6.7623,-6.3935,-6.6924,0.1432
190(E1),P,739,E1,190,E1-domain II,"A,B,C,D","A,B,C,D",no,-3.5165,-3.7344,-3.3395,0.1025
191(E1),P,740,E1,191,E1-domain II,"A,B,C,D","A,B,C,D",no,-0.4247,-0.6818,-0.4594,0.2443
192(E1),F,741,E1,192,E1-domain II,"A,B,C,D","A,B,C,D",no,-4.0912,-2.6882,-3.5180,0.0856
193(E1),G,742,E1,193,E1-domain II,"A,B,C,D","A,B,C,D",no,-3.7277,-3.1776,-3.5926,0.5734
194(E1),A,743,E1,194,E1-domain II,"A,B,C,D","A,B,C,D",no,-2.1971,-2.8894,-2.2481,0.1393
195(E1),G,744,E1,195,E1-domain II,"A,B,C,D","A,B,C,D",no,-4.4677,-3.9637,-3.9003,-0.0478
196(E1),R,745,E1,196,E1-domain II,"A,B,C,D","A,B,C,D",no,-1.1766,-1.7056,-0.6729,-0.3987
197(E1),P,746,E1,197,E1-domain II,"A,B,C,D","A,B,C,D",no,-5.4327,-4.8034,-3.2400,-0.4258
198(E1),G,747,E1,198,E1-domain II,"A,B,C,D","A,B,C,D",no,-6.9867,-6.6392,-6.3161,0.5671
199(E1),Q,748,E1,199,E1-domain II,"A,B,C,D","A,B,C,D",no,-1.6264,-1.9115,-1.0298,-0.2849
200(E1),F,749,E1,200,E1-domain II,"A,B,C,D","A,B,C,D",no,-6.4362,-6.5205,-6.3624,0.6919
201(E1),G,750,E1,201,E1-domain II,"A,B,C,D","A,B,C,D",no,-7.1749,-6.9092,-7.1423,0.2901
202(E1),D,751,E1,202,E1-domain II,"A,B,C,D","A,B,C,D",no,-7.5202,-7.3553,-7.5364,2.8850
203(E1),I,752,E1,203,E1-domain II,"A,B,C,D","A,B,C,D",no,-5.8070,-5.3193,-5.6693,0.0804
204(E1),Q,753,E1,204,E1-domain II,"A,B,C,D","A,B,C,D",no,-6.5054,-6.1705,-5.8987,0.6279
205(E1),S,754,E1,205,E1-domain II,"A,B,C,D","A,B,C,D",no,-3.6897,-2.6208,-3.7184,0.5615
206(E1),R,755,E1,206,E1-domain II,"A,B,C,D","A,B,C,D",interspike,-1.7925,-1.3416,-1.7632,0.1133
207(E1),T,756,E1,207,E1-domain II,"A,B,C,D","A,B,C,D",interspike,-1.0345,-0.7921,-1.0571,0.0915
208(E1),P,757,E1,208,E1-domain II,"A,B,C,D","A,B,C,D",no,-1.3427,-1.1655,-1.3164,-0.0363
209(E1),E,758,E1,209,E1-domain II,"A,B,C,D","A,B,C,D",interspike,-0.4592,-0.6603,-0.4915,-0.1410
210(E1),S,759,E1,210,E1-domain II,"A,B,C,D","A,B,C,D",interspike,-4.1734,-2.4968,-4.4127,0.3831
211(E1),E,760,E1,211,E1-domain II,"A,B,C,D","A,B,C,D",interspike,-0.2225,-0.4508,-0.2414,0.6573
212(E1),D,761,E1,212,E1-domain II,"A,B,C,D","A,B,C,D",interspike,-2.2339,-0.8870,-2.5191,0.5912
213(E1),V,762,E1,213,E1-domain II,"A,B,C,D","A,B,C,D",no,-2.7749,-1.9963,-2.7529,0.5683
214(E1),Y,763,E1,214,E1-domain II,"A,B,C,D","A,B,C,D",no,-2.1315,-1.6498,-2.3341,0.5244
215(E1),A,764,E1,215,E1-domain II,"A,B,C,D","A,B,C,D",no,-5.8656,-5.6839,-5.8482,0.4636
216(E1),N,765,E1,216,E1-domain II,"A,B,C,D","A,B,C,D",no,-1.7711,-1.9010,-1.3623,-0.1851
217(E1),T,766,E1,217,E1-domain II,"A,B,C,D","A,B,C,D",no,-7.2351,-6.9974,-7.1642,0.3320
218(E1),Q,767,E1,218,E1-domain II,"A,B,C,D","A,B,C,D",no,-4.7732,-4.1912,-2.1282,-1.7689
219(E1),L,768,E1,219,E1-domain II,"A,B,C,D","A,B,C,D",no,-6.1475,-5.9270,-6.1950,-0.1442
220(E1),V,769,E1,220,E1-domain II,"A,B,C,D","A,B,C,D",no,-1.1085,-1.4709,-0.8146,-0.3332
221(E1),L,770,E1,221,E1-domain II,"A,B,C,D","A,B,C,D",no,-5.1164,-4.9355,-4.9200,0.1083
222(E1),Q,771,E1,222,E1-domain II,"A,B,C,D","A,B,C,D",no,-1.3712,-1.3379,-0.9574,0.2164
223(E1),R,772,E1,223,E1-domain II,"A,B,C,D","A,B,C,D",wrapped,-3.9072,-4.3300,-2.6946,0.9092
224(E1),P,773,E1,224,E1-domain II,"A,B,C,D","A,B,C,D",no,-7.3805,-7.3311,-7.4952,
225(E1),S,774,E1,225,E1-domain II,"A,B,C,D","A,B,C,D",no,-2.5116,-2.6459,-1.2172,-0.2413
226(E1),A,775,E1,226,E1-domain II,"A,B,C,D","A,B,C,D",wrapped,-3.8443,-4.9161,-2.9936,0.7126
227(E1),G,776,E1,227,E1-domain II,"A,B,C,D","A,B,C,D",wrapped,-5.6627,-6.4090,-4.7331,0.7666
228(E1),T,777,E1,228,E1-domain II,"A,B,C,D","A,B,C,D",no,-1.7418,-2.5705,-1.3080,-0.1003
229(E1),V,778,E1,229,E1-domain II,"A,B,C,D","A,B,C,D",no,-5.8635,-5.6854,-5.4208,-0.4030
230(E1),H,779,E1,230,E1-domain II,"A,B,C,D","A,B,C,D",no,-6.6088,-7.1191,-6.0278,1.6781
231(E1),V,780,E1,231,E1-domain II,"A,B,C,D","A,B,C,D",no,-5.8513,-5.8475,-5.4359,-0.7258
232(E1),P,781,E1,232,E1-domain II,"A,B,C,D","A,B,C,D",no,-6.5673,-6.4342,-4.8729,0.6243
233(E1),Y,782,E1,233,E1-domain II,"A,B,C,D","A,B,C,D",no,-3.2563,-2.4893,-3.1285,0.6619
234(E1),S,783,E1,234,E1-domain II,"A,B,C,D","A,B,C,D",no,-4.5089,-4.0752,-2.2467,-0.4999
235(E1),Q,784,E1,235,E1-domain II,"A,B,C,D","A,B,C,D",no,-6.1843,-5.6946,-5.5938,0.5120
236(E1),A,785,E1,236,E1-domain II,"A,B,C,D","A,B,C,D",no,-4.2503,-4.0031,-2.0519,-0.9104
237(E1),P,786,E1,237,E1-domain II,"A,B,C,D","A,B,C,D",no,-6.0302,-4.0914,-2.1878,-1.1845
238(E1),S,787,E1,238,E1-domain II,"A,B,C,D","A,B,C,D",no,-6.2733,-5.2716,-5.2881,-0.5245
239(E1),G,788,E1,239,E1-domain II,"A,B,C,D","A,B,C,D",no,-7.2785,-6.9794,-7.3416,1.9200
240(E1),F,789,E1,240,E1-domain II,"A,B,C,D","A,B,C,D",no,-6.4368,-6.1982,-6.3703,0.9652
241(E1),K,790,E1,241,E1-domain II,"A,B,C,D","A,B,C,D",no,-4.1957,-4.3860,-3.6915,-0.1268
242(E1),Y,791,E1,242,E1-domain II,"A,B,C,D","A,B,C,D",no,-4.9851,-3.9594,-2.7622,-1.1750
243(E1),W,792,E1,243,E1-domain II,"A,B,C,D","A,B,C,D",no,-7.3651,-7.2251,-7.3226,
244(E1),L,793,E1,244,E1-domain II,"A,B,C,D","A,B,C,D",no,-2.8464,-2.5776,-2.2707,-0.2129
245(E1),K,794,E1,245,E1-domain II,"A,B,C,D","A,B,C,D",no,-0.3897,-0.2993,-0.3728,0.7572
246(E1),E,795,E1,246,E1-domain II,"A,B,C,D","A,B,C,D",no,-5.7712,-4.1443,-2.8392,-0.1013
247(E1),R,796,E1,247,E1-domain II,"A,B,C,D","A,B,C,D",no,-4.5848,-4.3256,-3.8490,-0.6030
248(E1),G,797,E1,248,E1-domain II,"A,B,C,D","A,B,C,D",no,-1.8839,-1.6041,-1.3076,-0.1626
249(E1),A,798,E1,249,E1-domain II,"A,B,C,D","A,B,C,D",no,-4.0026,-4.1736,-4.2020,-0.3416
250(E1),S,799,E1,250,E1-domain II,"A,B,C,D","A,B,C,D",no,-4.1418,-3.9489,-3.8732,-0.1856
251(E1),L,800,E1,251,E1-domain II,"A,B,C,D","A,B,C,D",no,-5.6114,-5.3643,-5.1754,-0.3934
252(E1),Q,801,E1,252,E1-domain II,"A,B,C,D","A,B,C,D",no,-0.7375,-0.7295,-0.5991,0.2964
253(E1),H,802,E1,253,E1-domain II,"A,B,C,D","A,B,C,D",no,-1.9063,-2.2477,-1.8203,-0.1743
254(E1),T,803,E1,254,E1-domain II,"A,B,C,D","A,B,C,D",no,-4.1972,-4.6423,-4.0354,-0.7385
255(E1),A,804,E1,255,E1-domain II,"A,B,C,D","A,B,C,D",no,-5.3154,-5.3167,-5.1491,0.1068
256(E1),P,805,E1,256,E1-domain II,"A,B,C,D","A,B,C,D",no,-5.8702,-6.1025,-5.7893,-0.0250
257(E1),F,806,E1,257,E1-domain II,"A,B,C,D","A,B,C,D",no,-6.1837,-6.0056,-5.8828,0.3122
258(E1),G,807,E1,258,E1-domain II,"A,B,C,D","A,B,C,D",no,-5.5353,-5.4878,-5.5906,0.2933
259(E1),C,808,E1,259,E1-domain II,"A,B,C,D","A,B,C,D",no,-7.4384,-7.2634,-7.4843,2.6140
260(E1),Q,809,E1,260,E1-domain II,"A,B,C,D","A,B,C,D",no,-0.6998,-0.9043,-0.6637,0.1378
261(E1),I,810,E1,261,E1-domain II,"A,B,C,D","A,B,C,D",no,-5.9233,-5.5889,-5.5477,0.0695
262(E1),A,811,E1,262,E1-domain II,"A,B,C,D","A,B,C,D",no,-0.6734,-0.5241,-0.4904,-0.1084
263(E1),T,812,E1,263,E1-domain II,"A,B,C,D","A,B,C,D",intraspike,-1.6665,-1.6724,-1.3509,-0.2657
264(E1),N,813,E1,264,E1-domain II,"A,B,C,D","A,B,C,D",intraspike,-0.5352,-0.3324,-0.3611,-0.0005
265(E1),P,814,E1,265,E1-domain II,"A,B,C,D","A,B,C,D",intraspike,-7.1510,-6.2424,-6.0534,-0.2700
266(E1),V,815,E1,266,E1-domain II,"A,B,C,D","A,B,C,D",no,-5.5735,-5.4760,-5.4275,-0.0097
267(E1),R,816,E1,267,E1-domain II,"A,B,C,D","A,B,C,D",intraspike,-3.3679,-2.9496,-2.6252,-0.0454
268(E1),A,817,E1,268,E1-domain II,"A,B,C,D","A,B,C,D",no,-6.1221,-5.8763,-5.8681,0.1873
269(E1),M,818,E1,269,E1-domain II,"A,B,C,D","A,B,C,D",no,-1.0095,-1.1798,-0.8283,-0.1724
270(E1),N,819,E1,270,E1-domain II,"A,B,C,D","A,B,C,D",no,-4.8725,-4.5385,-4.1929,0.1671
271(E1),C,820,E1,271,E1-domain II,"A,B,C,D","A,B,C,D",no,-7.4548,-7.2876,-7.4982,
272(E1),A,821,E1,272,E1-domain I,"A,B,C,D","A,B,C,D",no,-1.1566,-1.2776,-1.2352,0.1126
273(E1),V,822,E1,273,E1-domain I,"A,B,C,D","A,B,C,D",no,-2.9785,-3.0650,-2.7487,0.0296
274(E1),G,823,E1,274,E1-domain I,"A,B,C,D","A,B,C,D",no,-7.0979,-6.8858,-7.0478,0.3730
275(E1),N,824,E1,275,E1-domain I,"A,B,C,D","A,B,C,D",no,-2.1893,-2.4716,-2.2126,0.1393
276(E1),M,825,E1,276,E1-domain I,"A,B,C,D","A,B,C,D",no,-4.0409,-3.9964,-3.7346,-0.1427
277(E1),P,826,E1,277,E1-domain I,"A,B,C,D","A,B,C,D",no,-6.5722,-6.2012,-6.7391,1.1712
278(E1),I,827,E1,278,E1-domain I,"A,B,C,D","A,B,C,D",no,-5.2225,-5.0172,-4.9181,0.2182
279(E1),S,828,E1,279,E1-domain I,"A,B,C,D","A,B,C,D",no,-2.2563,-1.8887,-2.4245,-0.1213
280(E1),I,829,E1,280,E1-domain I,"A,B,C,D","A,B,C,D",no,-4.1654,-4.1727,-3.8772,-0.2237
281(E1),D,830,E1,281,E1-domain I,"A,B,C,D","A,B,C,D",no,-4.7690,-4.3601,-5.1138,0.2081
282(E1),I,831,E1,282,E1-domain I,"A,B,C,D","A,B,C,D",no,-5.7682,-5.5950,-5.4389,-0.0002
283(E1),P,832,E1,283,E1-domain I,"A,B,C,D","A,B,C,D",no,-1.4301,-1.3394,-1.1430,0.0014
284(E1),D,833,E1,284,,"A,B,C,D","A,B,C,D",no,-1.2400,-0.8016,-0.9020,0.0277
285(E1),A,834,E1,285,,"A,B,C,D","A,B,C,D",no,-6.0370,-5.1550,-6.1156,0.1714
286(E1),A,835,E1,286,,"A,B,C,D","A,B,C,D",no,-0.8524,-0.9481,-0.7970,0.0072
287(E1),F,836,E1,287,,"A,B,C,D","A,B,C,D",no,-6.2526,-6.3928,-5.9953,0.0366
288(E1),T,837,E1,288,,"A,B,C,D","A,B,C,D",no,-1.7815,-2.0364,-1.5889,-0.1230
289(E1),R,838,E1,289,,"A,B,C,D","A,B,C,D",no,-3.6497,-3.7593,-3.8359,-0.1312
290(E1),V,839,E1,290,,"A,B,C,D","A,B,C,D",no,-0.9149,-1.3527,-0.7365,-0.2527
291(E1),V,840,E1,291,,"A,B,C,D","A,B,C,D",no,-0.6524,-0.9504,-0.4607,-0.2938
292(E1),D,841,E1,292,,"A,B,C,D","A,B,C,D",no,-2.5224,-2.9184,-2.3707,-0.4215
293(E1),A,842,E1,293,,"A,B,C,D","A,B,C,D",no,-3.7255,-4.3049,-3.4215,-0.6512
294(E1),P,843,E1,294,,"A,B,C,D","A,B,C,D",no,-6.0802,-6.1616,-5.8012,-1.1146
295(E1),S,844,E1,295,E1-domain III,"A,B,C,D","A,B,C,D",no,-0.4474,-0.6706,-0.4240,-0.0741
296(E1),L,845,E1,296,E1-domain III,"A,B,C,D","A,B,C,D",no,-4.4102,-4.3336,-4.2668,0.1355
297(E1),T,846,E1,297,E1-domain III,"A,B,C,D","A,B,C,D",no,-0.3740,-0.4616,-0.3303,0.0586
298(E1),D,847,E1,298,E1-domain III,"A,B,C,D","A,B,C,D",no,-0.7971,-0.8336,-0.7193,-0.1192
299(E1),M,848,E1,299,E1-domain III,"A,B,C,D","A,B,C,D",no,-1.3125,-1.8134,-1.2169,-0.4874
300(E1),S,849,E1,300,E1-domain III,"A,B,C,D","A,B,C,D",no,-0.5583,-0.5254,-0.5834,0.0653
301(E1),C,850,E1,301,E1-domain III,"A,B,C,D","A,B,C,D",no,-7.4741,-7.3378,-7.3155,
302(E1),E,851,E1,302,E1-domain III,"A,B,C,D","A,B,C,D",no,-0.9339,-0.9860,-0.8266,0.1600
303(E1),V,852,E1,303,E1-domain III,"A,B,C,D","A,B,C,D",no,-5.1500,-5.2383,-5.0278,0.2507
304(E1),P,853,E1,304,E1-domain III,"A,B,C,D","A,B,C,D",no,-0.6473,-1.1129,-0.5088,-0.2581
305(E1),A,854,E1,305,E1-domain III,"A,B,C,D","A,B,C,D",no,-0.7275,-0.7327,-0.6364,0.0989
306(E1),C,855,E1,306,E1-domain III,"A,B,C,D","A,B,C,D",no,-7.4029,-7.3297,-7.4667,1.5520
307(E1),T,856,E1,307,E1-domain III,"A,B,C,D","A,B,C,D",no,-1.5191,-1.6385,-1.6506,-0.2666
308(E1),H,857,E1,308,E1-domain III,"A,B,C,D","A,B,C,D",no,-2.1834,-2.1778,-2.0694,0.4346
309(E1),S,858,E1,309,E1-domain III,"A,B,C,D","A,B,C,D",no,-4.7668,-4.8448,-4.5756,-0.7548
310(E1),S,859,E1,310,E1-domain III,"A,B,C,D","A,B,C,D",no,-1.5915,-1.6027,-1.2936,-0.1790
311(E1),D,860,E1,311,E1-domain III,"A,B,C,D","A,B,C,D",no,-4.0317,-4.3277,-4.0656,0.2628
312(E1),F,861,E1,312,E1-domain III,"A,B,C,D","A,B,C,D",no,-4.9406,-5.7202,-4.8452,-0.0557
313(E1),G,862,E1,313,E1-domain III,"A,B,C,D","A,B,C,D",no,-3.5887,-4.0701,-3.2714,-0.2979
314(E1),G,863,E1,314,E1-domain III,"A,B,C,D","A,B,C,D",no,-6.3545,-6.3444,-6.3413,0.5230
315(E1),V,864,E1,315,E1-domain III,"A,B,C,D","A,B,C,D",no,-0.7651,-1.0404,-0.7150,-0.0638
316(E1),A,865,E1,316,E1-domain III,"A,B,C,D","A,B,C,D",no,-4.6036,-4.5127,-4.5367,-0.2145
317(E1),I,866,E1,317,E1-domain III,"A,B,C,D","A,B,C,D",no,-1.0885,-1.3086,-0.9208,-0.1964
318(E1),I,867,E1,318,E1-domain III,"A,B,C,D","A,B,C,D",no,-5.7139,-5.6558,-5.5521,-0.3311
319(E1),K,868,E1,319,E1-domain III,"A,B,C,D","A,B,C,D",no,-0.4688,-0.7795,-0.3179,-0.2678
320(E1),Y,869,E1,320,E1-domain III,"A,B,C,D","A,B,C,D",no,-2.8544,-2.8255,-2.7737,-0.3389
321(E1),A,870,E1,321,E1-domain III,"A,B,C,D","A,B,C,D",no,-0.6688,-0.6453,-0.5435,-0.1014
322(E1),A,871,E1,322,E1-domain III,"A,B,C,D","A,B,C,D",no,-2.6763,-2.9108,-2.2130,-0.5304
323(E1),S,872,E1,323,E1-domain III,"A,B,C,D","A,B,C,D",no,-0.5728,-0.5168,-0.5743,-0.0886
324(E1),K,873,E1,324,E1-domain III,"A,B,C,D","A,B,C,D",no,-1.1273,-1.6769,-0.9543,-0.4521
325(E1),K,874,E1,325,E1-domain III,"A,B,C,D","A,B,C,D",no,-0.2646,-0.3017,-0.2719,-0.0609
326(E1),G,875,E1,326,E1-domain III,"A,B,C,D","A,B,C,D",no,-5.1921,-5.4179,-4.9454,-1.2009
327(E1),K,876,E1,327,E1-domain III,"A,B,C,D","A,B,C,D",no,-0.5259,-0.6399,-0.5208,-0.1575
328(E1),C,877,E1,328,E1-domain III,"A,B,C,D","A,B,C,D",no,-7.4679,-7.3164,-7.5053,
329(E1),A,878,E1,329,E1-domain III,"A,B,C,D","A,B,C,D",no,-4.1726,-4.5088,-3.8992,-0.1051
330(E1),V,879,E1,330,E1-domain III,"A,B,C,D","A,B,C,D",no,-4.5774,-4.7155,-4.6863,-0.2271
331(E1),H,880,E1,331,E1-domain III,"A,B,C,D","A,B,C,D",no,-3.1381,-3.3972,-3.0736,0.2121
332(E1),S,881,E1,332,E1-domain III,"A,B,C,D","A,B,C,D",no,-3.7978,-3.8423,-3.5651,-0.4947
333(E1),M,882,E1,333,E1-domain III,"A,B,C,D","A,B,C,D",no,-0.4792,-0.5385,-0.3959,-0.0109
334(E1),T,883,E1,334,E1-domain III,"A,B,C,D","A,B,C,D",no,-0.1254,-0.0414,-0.1243,0.1440
335(E1),N,884,E1,335,E1-domain III,"A,B,C,D","A,B,C,D",no,-0.3916,-0.5280,-0.2633,0.1228
336(E1),A,885,E1,336,E1-domain III,"A,B,C,D","A,B,C,D",no,-0.6064,-0.5768,-0.5629,0.0794
337(E1),V,886,E1,337,E1-domain III,"A,B,C,D","A,B,C,D",no,-3.9375,-3.9119,-3.9079,0.0227
338(E1),T,887,E1,338,E1-domain III,"A,B,C,D","A,B,C,D",no,-2.1143,-2.3384,-1.9858,-0.2592
339(E1),I,888,E1,339,E1-domain III,"A,B,C,D","A,B,C,D",no,-3.8878,-3.6921,-3.9588,0.1415
340(E1),R,889,E1,340,E1-domain III,"A,B,C,D","A,B,C,D",no,-4.1926,-4.5785,-4.1688,0.0654
341(E1),E,890,E1,341,E1-domain III,"A,B,C,D","A,B,C,D",no,-4.6172,-5.2160,-4.1278,-0.7208
342(E1),A,891,E1,342,E1-domain III,"A,B,C,D","A,B,C,D",no,-1.5659,-1.6964,-1.5584,0.1994
343(E1),E,892,E1,343,E1-domain III,"A,B,C,D","A,B,C,D",no,-0.8450,-0.9875,-0.8824,0.2110
344(E1),I,893,E1,344,E1-domain III,"A,B,C,D","A,B,C,D",no,-0.4434,-0.5831,-0.4813,0.0034
345(E1),E,894,E1,345,E1-domain III,"A,B,C,D","A,B,C,D",no,-0.1348,-0.1285,-0.0108,0.1734
346(E1),V,895,E1,346,E1-domain III,"A,B,C,D","A,B,C,D",no,-5.0381,-4.9198,-5.0549,-0.3377
347(E1),E,896,E1,347,E1-domain III,"A,B,C,D","A,B,C,D",no,-0.1966,-0.3598,-0.2512,0.0795
348(E1),G,897,E1,348,E1-domain III,"A,B,C,D","A,B,C,D",no,-0.4157,-0.2604,-0.4076,0.1520
349(E1),N,898,E1,349,E1-domain III,"A,B,C,D","A,B,C,D",no,-0.0998,-0.1066,-0.1290,0.2653
350(E1),S,899,E1,350,E1-domain III,"A,B,C,D","A,B,C,D",no,-0.6767,-0.5132,-0.3107,-0.2307
351(E1),Q,900,E1,351,E1-domain III,"A,B,C,D","A,B,C,D",no,-0.2032,-0.2832,-0.1912,0.1467
352(E1),L,901,E1,352,E1-domain III,"A,B,C,D","A,B,C,D",no,-0.4424,-0.5164,-0.3833,-0.0709
353(E1),Q,902,E1,353,E1-domain III,"A,B,C,D","A,B,C,D",no,-0.4644,-0.6539,-0.3908,-0.0188
354(E1),I,903,E1,354,E1-domain III,"A,B,C,D","A,B,C,D",no,-4.5089,-4.2208,-4.3073,-0.1378
355(E1),S,904,E1,355,E1-domain III,"A,B,C,D","A,B,C,D",no,-0.7985,-0.8766,-0.6538,-0.3150
356(E1),F,905,E1,356,E1-domain III,"A,B,C,D","A,B,C,D",no,-6.2051,-6.1602,-6.1593,-0.2467
357(E1),S,906,E1,357,E1-domain III,"A,B,C,D","A,B,C,D",no,-5.4948,-5.7302,-5.3549,0.1408
358(E1),T,907,E1,358,E1-domain III,"A,B,C,D","A,B,C,D",no,-4.8368,-5.0542,-4.5906,-0.6524
359(E1),A,908,E1,359,E1-domain III,"A,B,C,D","A,B,C,D",no,-1.2772,-1.4918,-0.9161,-0.5351
360(E1),L,909,E1,360,E1-domain III,"A,B,C,D","A,B,C,D",no,-1.2211,-1.5698,-0.9700,-0.2915
361(E1),A,910,E1,361,E1-domain III,"A,B,C,D","A,B,C,D",no,-0.6967,-0.7030,-0.6121,-0.2008
362(E1),S,911,E1,362,E1-domain III,"A,B,C,D","A,B,C,D",no,-0.4955,-0.6531,-0.5127,-0.0029
363(E1),A,912,E1,363,E1-domain III,"A,B,C,D","A,B,C,D",no,-0.8671,-1.3540,-0.9105,-0.3278
364(E1),E,913,E1,364,E1-domain III,"A,B,C,D","A,B,C,D",no,-0.0999,0.0640,0.0699,0.2645
365(E1),F,914,E1,365,E1-domain III,"A,B,C,D","A,B,C,D",no,-4.7436,-4.4861,-4.8390,-0.0166
366(E1),R,915,E1,366,E1-domain III,"A,B,C,D","A,B,C,D",no,-0.1050,-0.2769,-0.0991,-0.0461
367(E1),V,916,E1,367,E1-domain III,"A,B,C,D","A,B,C,D",no,-4.4061,-4.2004,-4.2988,-0.2250
368(E1),Q,917,E1,368,E1-domain III,"A,B,C,D","A,B,C,D",no,-1.5727,-2.0134,-1.4239,-0.3301
369(E1),V,918,E1,369,E1-domain III,"A,B,C,D","A,B,C,D",no,-4.7468,-4.4893,-4.7413,-0.0868
370(E1),C,919,E1,370,E1-domain III,"A,B,C,D","A,B,C,D",no,-7.3811,-7.1895,-7.1168,0.5849
371(E1),S,920,E1,371,E1-domain III,"A,B,C,D","A,B,C,D",no,-1.4749,-2.0148,-1.3521,-0.6918
372(E1),T,921,E1,372,E1-domain III,"A,B,C,D","A,B,C,D",no,-0.2056,-0.2117,-0.2984,-0.1709
373(E1),Q,922,E1,373,E1-domain III,"A,B,C,D","A,B,C,D",no,-0.3962,-0.6179,-0.3840,0.0830
374(E1),V,923,E1,374,E1-domain III,"A,B,C,D","A,B,C,D",no,-3.2307,-2.8976,-3.1626,-0.1148
375(E1),H,924,E1,375,E1-domain III,"A,B,C,D","A,B,C,D",no,-0.1829,-0.3070,-0.2367,0.0772
376(E1),C,925,E1,376,E1-domain III,"A,B,C,D","A,B,C,D",no,-7.3224,-7.2647,-7.4828,
377(E1),A,926,E1,377,E1-domain III,"A,B,C,D","A,B,C,D",no,-0.3404,-0.2759,-0.1722,-0.0474
378(E1),A,927,E1,378,E1-domain III,"A,B,C,D","A,B,C,D",no,-3.1002,-3.6978,-2.9933,-0.6535
379(E1),E,928,E1,379,E1-domain III,"A,B,C,D","A,B,C,D",no,-0.6177,-0.5485,-0.6088,0.0564
380(E1),C,929,E1,380,E1-domain III,"A,B,C,D","A,B,C,D",no,-7.4760,-7.3316,-7.5283,2.1190
381(E1),H,930,E1,381,E1-domain III,"A,B,C,D","A,B,C,D",no,-0.4003,-0.5531,-0.4387,-0.0833
382(E1),P,931,E1,382,E1-stem,"A,B,C,D","A,B,C,D",no,-2.7460,-2.8794,-2.5981,-0.5527
383(E1),P,932,E1,383,E1-stem,"A,B,C,D","A,B,C,D",no,-6.8898,-5.9521,-7.0112,0.7070
384(E1),K,933,E1,384,E1-stem,"A,B,C,D","A,B,C,D",no,-1.7874,-1.6098,-1.9863,-0.0725
385(E1),D,934,E1,385,E1-stem,"A,B,C,D","A,B,C,D",no,-2.3049,-2.0724,-2.0403,-0.3348
386(E1),H,935,E1,386,E1-stem,"A,B,C,D","A,B,C,D",no,-5.7268,-3.3442,-5.5338,1.3542
387(E1),I,936,E1,387,E1-stem,"A,B,C,D","A,B,C,D",no,-7.0116,-6.8786,-5.9013,-0.1236
388(E1),V,937,E1,388,E1-stem,"A,B,C,D","A,B,C,D",no,-5.3164,-4.8080,-5.3288,0.5166
389(E1),N,938,E1,389,E1-stem,"A,B,C,D","A,B,C,D",no,-3.6300,-2.8676,-3.6882,0.0779
390(E1),Y,939,E1,390,E1-stem,"A,B,C,D","A,B,C,D",no,-4.0764,-3.5624,-4.1502,0.1042
391(E1),P,940,E1,391,E1-stem,"A,B,C,D","A,B,C,D",no,-4.1177,-4.1586,-4.0200,-0.1526
392(E1),A,941,E1,392,E1-stem,"A,B,C,D","A,B,C,D",no,-1.5736,-1.3565,-1.2471,0.0445
393(E1),S,942,E1,393,E1-stem,"A,B,C,D","A,B,C,D",no,-1.7036,-1.2577,-1.6921,0.3826
394(E1),H,943,E1,394,E1-stem,"A,B,C,D","A,B,C,D",no,-2.9318,-2.7601,-2.8253,-0.3486
395(E1),T,944,E1,395,E1-stem,"A,B,C,D","A,B,C,D",no,-0.6300,-0.5824,-0.5725,-0.0014
396(E1),T,945,E1,396,E1-stem,"A,B,C,D","A,B,C,D",no,-0.6304,-0.7810,-0.6577,-0.0582
397(E1),L,946,E1,397,E1-stem,"A,B,C,D","A,B,C,D",no,-0.6577,-0.5841,-0.6662,0.0723
398(E1),G,947,E1,398,E1-stem,"A,B,C,D","A,B,C,D",no,-1.5310,-1.4015,-1.4050,0.0284
399(E1),V,948,E1,399,E1-stem,"A,B,C,D","A,B,C,D",no,-0.5120,-0.4628,-0.6152,0.1004
400(E1),Q,949,E1,400,E1-stem,"A,B,C,D","A,B,C,D",no,-0.6226,-0.5606,-0.5422,0.0778
401(E1),D,950,E1,401,E1-stem,"A,B,C,D","A,B,C,D",no,-2.0058,-1.4727,-1.7084,0.3672
402(E1),I,951,E1,402,E1-stem,"A,B,C,D","A,B,C,D",no,-1.6340,-1.1107,-1.8707,0.1611
403(E1),S,952,E1,403,E1-stem,"A,B,C,D","A,B,C,D",no,-0.8669,-1.0330,-0.6544,-0.2975
404(E1),V,953,E1,404,E1-stem,"A,B,C,D","A,B,C,D",no,-0.8075,-0.6023,-0.8584,0.0512
405(E1),T,954,E1,405,E1-stem,"A,B,C,D","A,B,C,D",no,-0.6149,-0.5741,-0.6131,0.0111
406(E1),A,955,E1,406,E1-stem,"A,B,C,D","A,B,C,D",no,-1.6214,-1.3973,-1.5761,-0.1929
407(E1),M,956,E1,407,E1-stem,"A,B,C,D","A,B,C,D",no,-0.8597,-0.7405,-0.9770,0.0934
408(E1),S,957,E1,408,E1-stem,"A,B,C,D","A,B,C,D",no,-0.3515,-0.4161,-0.2574,-0.0758
409(E1),W,958,E1,409,E1-stem,"A,B,C,D","A,B,C,D",no,-1.4634,-1.3249,-1.7496,-0.1785
410(E1),V,959,E1,410,E1-stem,"A,B,C,D","A,B,C,D",no,-1.5333,-1.4140,-1.5260,-0.0465
411(E1),Q,960,E1,411,E1-stem,"A,B,C,D","A,B,C,D",no,-0.6469,-0.3769,-0.7112,0.4593
412(E1),K,961,E1,412,E1-stem,"A,B,C,D","A,B,C,D",no,-1.4537,-1.1592,-1.4883,-0.0148
413(E1),I,962,E1,413,E1-transmembrane,"A,B,C,D","A,B,C,D",no,-3.0793,-2.9883,-2.6349,-0.7578
414(E1),T,963,E1,414,E1-transmembrane,"A,B,C,D","A,B,C,D",no,-1.1807,-0.9723,-1.0333,0.0287
415(E1),G,964,E1,415,E1-transmembrane,"A,B,C,D","A,B,C,D",no,-3.1284,-2.1650,-3.1429,0.3204
416(E1),G,965,E1,416,E1-transmembrane,"A,B,C,D","A,B,C,D",no,-1.8727,-1.4354,-1.7872,-0.2302
417(E1),V,966,E1,417,E1-transmembrane,"A,B,C,D","A,B,C,D",no,-2.1376,-2.4571,-1.6233,-1.0072
418(E1),G,967,E1,418,E1-transmembrane,"A,B,C,D","A,B,C,D",no,-3.3086,-2.9766,-3.3540,0.0808
419(E1),L,968,E1,419,E1-transmembrane,"A,B,C,D","A,B,C,D",no,-1.5356,-1.5201,-1.2417,-0.3209
420(E1),V,969,E1,420,E1-transmembrane,"A,B,C,D","A,B,C,D",no,-2.0576,-2.0751,-1.5022,-0.3928
421(E1),V,970,E1,421,E1-transmembrane,"A,B,C,D","A,B,C,D",no,-1.9005,-1.9994,-1.6449,-0.4345
422(E1),A,971,E1,422,E1-transmembrane,"A,B,C,D","A,B,C,D",no,-2.7814,-2.9537,-2.4387,-0.3160
423(E1),V,972,E1,423,E1-transmembrane,"A,B,C,D","A,B,C,D",no,-2.0228,-2.1854,-1.6339,-0.5243
424(E1),A,973,E1,424,E1-transmembrane,"A,B,C,D","A,B,C,D",no,-1.6523,-1.8489,-1.3432,-0.2559
425(E1),A,974,E1,425,E1-transmembrane,"A,B,C,D","A,B,C,D",no,-2.7055,-2.8424,-2.7015,-0.0025
426(E1),L,975,E1,426,E1-transmembrane,"A,B,C,D","A,B,C,D",no,-1.6608,-1.6787,-1.2566,-0.1777
427(E1),I,976,E1,427,E1-transmembrane,"A,B,C,D","A,B,C,D",no,-1.4788,-1.5110,-1.2382,-0.3715
428(E1),L,977,E1,428,E1-transmembrane,"A,B,C,D","A,B,C,D",no,-0.7057,-0.7814,-0.5454,-0.0154
429(E1),I,978,E1,429,E1-transmembrane,"A,B,C,D","A,B,C,D",no,-2.4204,-2.5552,-2.6793,-0.2594
430(E1),V,979,E1,430,E1-transmembrane,"A,B,C,D","A,B,C,D",no,-1.1887,-1.2820,-0.9648,-0.1831
431(E1),V,980,E1,431,E1-transmembrane,"A,B,C,D","A,B,C,D",no,-1.4282,-1.6209,-1.2784,-0.2088
432(E1),L,981,E1,432,E1-transmembrane,"A,B,C,D","A,B,C,D",no,-0.4176,-0.1256,-0.2254,0.1005
433(E1),C,982,E1,433,E1-transmembrane,"A,B,C,D","A,B,C,D",no,-1.6769,-1.3749,-1.4627,-0.1175
434(E1),V,983,E1,434,E1-transmembrane,"A,B,C,D","A,B,C,D",no,-0.1903,-0.2198,-0.1136,-0.0513
435(E1),S,984,E1,435,E1-transmembrane,"A,B,C,D","A,B,C,D",no,-0.4792,-0.3792,-0.6013,0.1476
436(E1),F,985,E1,436,E1-transmembrane,"A,B,C,D","A,B,C,D",no,-0.0577,0.0641,-0.1332,0.4991
437(E1),S,986,E1,437,E1-cytoplasmic,"A,B,C,D","A,B,C,D",no,-0.2923,-0.0101,-0.3396,0.1422
438(E1),R,987,E1,438,E1-cytoplasmic,"A,B,C,D","A,B,C,D",no,-1.2107,-0.7415,-0.9473,0.1734
439(E1),H,988,E1,439,E1-cytoplasmic,"A,B,C,D","A,B,C,D",no,-0.4309,-0.2588,-0.4920,0.0773
