sequential_site,protein_site,region,domain,6nk6_chain,6nk7_chain
2,1,E3,,,"U,V,W,X"
3,2,E3,,,"U,V,W,X"
4,3,E3,,,"U,V,W,X"
5,4,E3,,,"U,V,W,X"
6,5,E3,,,"U,V,W,X"
7,6,E3,,,"U,V,W,X"
8,7,E3,,,"U,V,W,X"
9,8,E3,,,"U,V,W,X"
10,9,E3,,,"U,V,W,X"
11,10,E3,,,"U,V,W,X"
12,11,E3,,,"U,V,W,X"
13,12,E3,,,"U,V,W,X"
14,13,E3,,,"U,V,W,X"
15,14,E3,,,"U,V,W,X"
16,15,E3,,,"U,V,W,X"
17,16,E3,,,"U,V,W,X"
18,17,E3,,,"U,V,W,X"
19,18,E3,,,"U,V,W,X"
20,19,E3,,,"U,V,W,X"
21,20,E3,,,"U,V,W,X"
22,21,E3,,,"U,V,W,X"
23,22,E3,,,"U,V,W,X"
24,23,E3,,,"U,V,W,X"
25,24,E3,,,"U,V,W,X"
26,25,E3,,,"U,V,W,X"
27,26,E3,,,"U,V,W,X"
28,27,E3,,,"U,V,W,X"
29,28,E3,,,"U,V,W,X"
30,29,E3,,,"U,V,W,X"
31,30,E3,,,"U,V,W,X"
32,31,E3,,,"U,V,W,X"
33,32,E3,,,"U,V,W,X"
34,33,E3,,,"U,V,W,X"
35,34,E3,,,"U,V,W,X"
36,35,E3,,,"U,V,W,X"
37,36,E3,,,"U,V,W,X"
38,37,E3,,,"U,V,W,X"
39,38,E3,,,"U,V,W,X"
40,39,E3,,,"U,V,W,X"
41,40,E3,,,"U,V,W,X"
42,41,E3,,,"U,V,W,X"
43,42,E3,,,"U,V,W,X"
44,43,E3,,,"U,V,W,X"
45,44,E3,,,"U,V,W,X"
46,45,E3,,,"U,V,W,X"
47,46,E3,,,"U,V,W,X"
48,47,E3,,,"U,V,W,X"
49,48,E3,,,"U,V,W,X"
50,49,E3,,,"U,V,W,X"
51,50,E3,,,"U,V,W,X"
52,51,E3,,,"U,V,W,X"
53,52,E3,,,"U,V,W,X"
54,53,E3,,,"U,V,W,X"
55,54,E3,,,"U,V,W,X"
56,55,E3,,,"U,V,W,X"
57,56,E3,,,"U,V,W,X"
58,57,E3,,,"U,V,W,X"
59,58,E3,furin loop,,"U,V,W,X"
60,59,E3,furin loop,,"U,V,W,X"
61,60,E3,furin loop,,"U,V,W,X"
62,61,E3,furin loop,,"U,V,W,X"
63,62,E3,furin loop,,"U,V,W,X"
64,63,E3,furin loop,,"U,V,W,X"
65,64,E3,furin loop,,"U,V,W,X"
66,1,E2,n-linker,"E,F,G,H","E,F,G,H"
67,2,E2,n-linker,"E,F,G,H","E,F,G,H"
68,3,E2,n-linker,"E,F,G,H","E,F,G,H"
69,4,E2,n-linker,"E,F,G,H","E,F,G,H"
70,5,E2,n-linker,"E,F,G,H","E,F,G,H"
71,6,E2,n-linker,"E,F,G,H","E,F,G,H"
72,7,E2,n-linker,"E,F,G,H","E,F,G,H"
73,8,E2,n-linker,"E,F,G,H","E,F,G,H"
74,9,E2,n-linker,"E,F,G,H","E,F,G,H"
75,10,E2,n-linker,"E,F,G,H","E,F,G,H"
76,11,E2,n-linker,"E,F,G,H","E,F,G,H"
77,12,E2,n-linker,"E,F,G,H","E,F,G,H"
78,13,E2,n-linker,"E,F,G,H","E,F,G,H"
79,14,E2,n-linker,"E,F,G,H","E,F,G,H"
80,15,E2,n-linker,"E,F,G,H","E,F,G,H"
81,16,E2,domain a,"E,F,G,H","E,F,G,H"
82,17,E2,domain a,"E,F,G,H","E,F,G,H"
83,18,E2,domain a,"E,F,G,H","E,F,G,H"
84,19,E2,domain a,"E,F,G,H","E,F,G,H"
85,20,E2,domain a,"E,F,G,H","E,F,G,H"
86,21,E2,domain a,"E,F,G,H","E,F,G,H"
87,22,E2,domain a,"E,F,G,H","E,F,G,H"
88,23,E2,domain a,"E,F,G,H","E,F,G,H"
89,24,E2,domain a,"E,F,G,H","E,F,G,H"
90,25,E2,domain a,"E,F,G,H","E,F,G,H"
91,26,E2,domain a,"E,F,G,H","E,F,G,H"
92,27,E2,domain a,"E,F,G,H","E,F,G,H"
93,28,E2,domain a,"E,F,G,H","E,F,G,H"
94,29,E2,domain a,"E,F,G,H","E,F,G,H"
95,30,E2,domain a,"E,F,G,H","E,F,G,H"
96,31,E2,domain a,"E,F,G,H","E,F,G,H"
97,32,E2,domain a,"E,F,G,H","E,F,G,H"
98,33,E2,domain a,"E,F,G,H","E,F,G,H"
99,34,E2,domain a,"E,F,G,H","E,F,G,H"
100,35,E2,domain a,"E,F,G,H","E,F,G,H"
101,36,E2,domain a,"E,F,G,H","E,F,G,H"
102,37,E2,domain a,"E,F,G,H","E,F,G,H"
103,38,E2,domain a,"E,F,G,H","E,F,G,H"
104,39,E2,domain a,"E,F,G,H","E,F,G,H"
105,40,E2,domain a,"E,F,G,H","E,F,G,H"
106,41,E2,domain a,"E,F,G,H","E,F,G,H"
107,42,E2,domain a,"E,F,G,H","E,F,G,H"
108,43,E2,domain a,"E,F,G,H","E,F,G,H"
109,44,E2,domain a,"E,F,G,H","E,F,G,H"
110,45,E2,domain a,"E,F,G,H","E,F,G,H"
111,46,E2,domain a,"E,F,G,H","E,F,G,H"
112,47,E2,domain a,"E,F,G,H","E,F,G,H"
113,48,E2,domain a,"E,F,G,H","E,F,G,H"
114,49,E2,domain a,"E,F,G,H","E,F,G,H"
115,50,E2,domain a,"E,F,G,H","E,F,G,H"
116,51,E2,domain a,"E,F,G,H","E,F,G,H"
117,52,E2,domain a,"E,F,G,H","E,F,G,H"
118,53,E2,domain a,"E,F,G,H","E,F,G,H"
119,54,E2,domain a,"E,F,G,H","E,F,G,H"
120,55,E2,domain a,"E,F,G,H","E,F,G,H"
121,56,E2,domain a,"E,F,G,H","E,F,G,H"
122,57,E2,domain a,"E,F,G,H","E,F,G,H"
123,58,E2,domain a,"E,F,G,H","E,F,G,H"
124,59,E2,domain a,"E,F,G,H","E,F,G,H"
125,60,E2,domain a,"E,F,G,H","E,F,G,H"
126,61,E2,domain a,"E,F,G,H","E,F,G,H"
127,62,E2,domain a,"E,F,G,H","E,F,G,H"
128,63,E2,domain a,"E,F,G,H","E,F,G,H"
129,64,E2,domain a,"E,F,G,H","E,F,G,H"
130,65,E2,domain a,"E,F,G,H","E,F,G,H"
131,66,E2,domain a,"E,F,G,H","E,F,G,H"
132,67,E2,domain a,"E,F,G,H","E,F,G,H"
133,68,E2,domain a,"E,F,G,H","E,F,G,H"
134,69,E2,domain a,"E,F,G,H","E,F,G,H"
135,70,E2,domain a,"E,F,G,H","E,F,G,H"
136,71,E2,domain a,"E,F,G,H","E,F,G,H"
137,72,E2,domain a,"E,F,G,H","E,F,G,H"
138,73,E2,domain a,"E,F,G,H","E,F,G,H"
139,74,E2,domain a,"E,F,G,H","E,F,G,H"
140,75,E2,domain a,"E,F,G,H","E,F,G,H"
141,76,E2,domain a,"E,F,G,H","E,F,G,H"
142,77,E2,domain a,"E,F,G,H","E,F,G,H"
143,78,E2,domain a,"E,F,G,H","E,F,G,H"
144,79,E2,domain a,"E,F,G,H","E,F,G,H"
145,80,E2,domain a,"E,F,G,H","E,F,G,H"
146,81,E2,domain a,"E,F,G,H","E,F,G,H"
147,82,E2,domain a,"E,F,G,H","E,F,G,H"
148,83,E2,domain a,"E,F,G,H","E,F,G,H"
149,84,E2,domain a,"E,F,G,H","E,F,G,H"
150,85,E2,domain a,"E,F,G,H","E,F,G,H"
151,86,E2,domain a,"E,F,G,H","E,F,G,H"
152,87,E2,domain a,"E,F,G,H","E,F,G,H"
153,88,E2,domain a,"E,F,G,H","E,F,G,H"
154,89,E2,domain a,"E,F,G,H","E,F,G,H"
155,90,E2,domain a,"E,F,G,H","E,F,G,H"
156,91,E2,domain a,"E,F,G,H","E,F,G,H"
157,92,E2,domain a,"E,F,G,H","E,F,G,H"
158,93,E2,domain a,"E,F,G,H","E,F,G,H"
159,94,E2,domain a,"E,F,G,H","E,F,G,H"
160,95,E2,domain a,"E,F,G,H","E,F,G,H"
161,96,E2,domain a,"E,F,G,H","E,F,G,H"
162,97,E2,domain a,"E,F,G,H","E,F,G,H"
163,98,E2,domain a,"E,F,G,H","E,F,G,H"
164,99,E2,domain a,"E,F,G,H","E,F,G,H"
165,100,E2,domain a,"E,F,G,H","E,F,G,H"
166,101,E2,domain a,"E,F,G,H","E,F,G,H"
167,102,E2,domain a,"E,F,G,H","E,F,G,H"
168,103,E2,domain a,"E,F,G,H","E,F,G,H"
169,104,E2,domain a,"E,F,G,H","E,F,G,H"
170,105,E2,domain a,"E,F,G,H","E,F,G,H"
171,106,E2,domain a,"E,F,G,H","E,F,G,H"
172,107,E2,domain a,"E,F,G,H","E,F,G,H"
173,108,E2,domain a,"E,F,G,H","E,F,G,H"
174,109,E2,domain a,"E,F,G,H","E,F,G,H"
175,110,E2,domain a,"E,F,G,H","E,F,G,H"
176,111,E2,domain a,"E,F,G,H","E,F,G,H"
177,112,E2,domain a,"E,F,G,H","E,F,G,H"
178,113,E2,domain a,"E,F,G,H","E,F,G,H"
179,114,E2,domain a,"E,F,G,H","E,F,G,H"
180,115,E2,domain a,"E,F,G,H","E,F,G,H"
181,116,E2,domain a,"E,F,G,H","E,F,G,H"
182,117,E2,domain a,"E,F,G,H","E,F,G,H"
183,118,E2,domain a,"E,F,G,H","E,F,G,H"
184,119,E2,domain a,"E,F,G,H","E,F,G,H"
185,120,E2,domain a,"E,F,G,H","E,F,G,H"
186,121,E2,domain a,"E,F,G,H","E,F,G,H"
187,122,E2,domain a,"E,F,G,H","E,F,G,H"
188,123,E2,domain a,"E,F,G,H","E,F,G,H"
189,124,E2,domain a,"E,F,G,H","E,F,G,H"
190,125,E2,domain a,"E,F,G,H","E,F,G,H"
191,126,E2,domain a,"E,F,G,H","E,F,G,H"
192,127,E2,domain a,"E,F,G,H","E,F,G,H"
193,128,E2,domain a,"E,F,G,H","E,F,G,H"
194,129,E2,domain a,"E,F,G,H","E,F,G,H"
195,130,E2,domain a,"E,F,G,H","E,F,G,H"
196,131,E2,domain a,"E,F,G,H","E,F,G,H"
197,132,E2,domain a,"E,F,G,H","E,F,G,H"
198,133,E2,domain a,"E,F,G,H","E,F,G,H"
199,134,E2,domain a,"E,F,G,H","E,F,G,H"
200,135,E2,arch,"E,F,G,H","E,F,G,H"
201,136,E2,arch,"E,F,G,H","E,F,G,H"
202,137,E2,arch,"E,F,G,H","E,F,G,H"
203,138,E2,arch,"E,F,G,H","E,F,G,H"
204,139,E2,arch,"E,F,G,H","E,F,G,H"
205,140,E2,arch,"E,F,G,H","E,F,G,H"
206,141,E2,arch,"E,F,G,H","E,F,G,H"
207,142,E2,arch,"E,F,G,H","E,F,G,H"
208,143,E2,arch,"E,F,G,H","E,F,G,H"
209,144,E2,arch,"E,F,G,H","E,F,G,H"
210,145,E2,arch,"E,F,G,H","E,F,G,H"
211,146,E2,arch,"E,F,G,H","E,F,G,H"
212,147,E2,arch,"E,F,G,H","E,F,G,H"
213,148,E2,arch,"E,F,G,H","E,F,G,H"
214,149,E2,arch,"E,F,G,H","E,F,G,H"
215,150,E2,arch,"E,F,G,H","E,F,G,H"
216,151,E2,arch,"E,F,G,H","E,F,G,H"
217,152,E2,arch,"E,F,G,H","E,F,G,H"
218,153,E2,arch,"E,F,G,H","E,F,G,H"
219,154,E2,arch,"E,F,G,H","E,F,G,H"
220,155,E2,arch,"E,F,G,H","E,F,G,H"
221,156,E2,arch,"E,F,G,H","E,F,G,H"
222,157,E2,arch,"E,F,G,H","E,F,G,H"
223,158,E2,arch,"E,F,G,H","E,F,G,H"
224,159,E2,arch,"E,F,G,H","E,F,G,H"
225,160,E2,arch,"E,F,G,H","E,F,G,H"
226,161,E2,arch,"E,F,G,H","E,F,G,H"
227,162,E2,arch,"E,F,G,H","E,F,G,H"
228,163,E2,arch,"E,F,G,H","E,F,G,H"
229,164,E2,arch,"E,F,G,H","E,F,G,H"
230,165,E2,arch,"E,F,G,H","E,F,G,H"
231,166,E2,arch,"E,F,G,H","E,F,G,H"
232,167,E2,arch,"E,F,G,H","E,F,G,H"
233,168,E2,arch,"E,F,G,H","E,F,G,H"
234,169,E2,arch,"E,F,G,H","E,F,G,H"
235,170,E2,arch,"E,F,G,H","E,F,G,H"
236,171,E2,arch,"E,F,G,H","E,F,G,H"
237,172,E2,arch,"E,F,G,H","E,F,G,H"
238,173,E2,domain b,"E,F,G,H","E,F,G,H"
239,174,E2,domain b,"E,F,G,H","E,F,G,H"
240,175,E2,domain b,"E,F,G,H","E,F,G,H"
241,176,E2,domain b,"E,F,G,H","E,F,G,H"
242,177,E2,domain b,"E,F,G,H","E,F,G,H"
243,178,E2,domain b,"E,F,G,H","E,F,G,H"
244,179,E2,domain b,"E,F,G,H","E,F,G,H"
245,180,E2,domain b,"E,F,G,H","E,F,G,H"
246,181,E2,domain b,"E,F,G,H","E,F,G,H"
247,182,E2,domain b,"E,F,G,H","E,F,G,H"
248,183,E2,domain b,"E,F,G,H","E,F,G,H"
249,184,E2,domain b,"E,F,G,H","E,F,G,H"
250,185,E2,domain b,"E,F,G,H","E,F,G,H"
251,186,E2,domain b,"E,F,G,H","E,F,G,H"
252,187,E2,domain b,"E,F,G,H","E,F,G,H"
253,188,E2,domain b,"E,F,G,H","E,F,G,H"
254,189,E2,domain b,"E,F,G,H","E,F,G,H"
255,190,E2,domain b,"E,F,G,H","E,F,G,H"
256,191,E2,domain b,"E,F,G,H","E,F,G,H"
257,192,E2,domain b,"E,F,G,H","E,F,G,H"
258,193,E2,domain b,"E,F,G,H","E,F,G,H"
259,194,E2,domain b,"E,F,G,H","E,F,G,H"
260,195,E2,domain b,"E,F,G,H","E,F,G,H"
261,196,E2,domain b,"E,F,G,H","E,F,G,H"
262,197,E2,domain b,"E,F,G,H","E,F,G,H"
263,198,E2,domain b,"E,F,G,H","E,F,G,H"
264,199,E2,domain b,"E,F,G,H","E,F,G,H"
265,200,E2,domain b,"E,F,G,H","E,F,G,H"
266,201,E2,domain b,"E,F,G,H","E,F,G,H"
267,202,E2,domain b,"E,F,G,H","E,F,G,H"
268,203,E2,domain b,"E,F,G,H","E,F,G,H"
269,204,E2,domain b,"E,F,G,H","E,F,G,H"
270,205,E2,domain b,"E,F,G,H","E,F,G,H"
271,206,E2,domain b,"E,F,G,H","E,F,G,H"
272,207,E2,domain b,"E,F,G,H","E,F,G,H"
273,208,E2,domain b,"E,F,G,H","E,F,G,H"
274,209,E2,domain b,"E,F,G,H","E,F,G,H"
275,210,E2,domain b,"E,F,G,H","E,F,G,H"
276,211,E2,domain b,"E,F,G,H","E,F,G,H"
277,212,E2,domain b,"E,F,G,H","E,F,G,H"
278,213,E2,domain b,"E,F,G,H","E,F,G,H"
279,214,E2,domain b,"E,F,G,H","E,F,G,H"
280,215,E2,domain b,"E,F,G,H","E,F,G,H"
281,216,E2,domain b,"E,F,G,H","E,F,G,H"
282,217,E2,domain b,"E,F,G,H","E,F,G,H"
283,218,E2,domain b,"E,F,G,H","E,F,G,H"
284,219,E2,domain b,"E,F,G,H","E,F,G,H"
285,220,E2,domain b,"E,F,G,H","E,F,G,H"
286,221,E2,domain b,"E,F,G,H","E,F,G,H"
287,222,E2,domain b,"E,F,G,H","E,F,G,H"
288,223,E2,domain b,"E,F,G,H","E,F,G,H"
289,224,E2,domain b,"E,F,G,H","E,F,G,H"
290,225,E2,domain b,"E,F,G,H","E,F,G,H"
291,226,E2,domain b,"E,F,G,H","E,F,G,H"
292,227,E2,domain b,"E,F,G,H","E,F,G,H"
293,228,E2,domain b,"E,F,G,H","E,F,G,H"
294,229,E2,domain b,"E,F,G,H","E,F,G,H"
295,230,E2,domain b,"E,F,G,H","E,F,G,H"
296,231,E2,arch,"E,F,G,H","E,F,G,H"
297,232,E2,arch,"E,F,G,H","E,F,G,H"
298,233,E2,arch,"E,F,G,H","E,F,G,H"
299,234,E2,arch,"E,F,G,H","E,F,G,H"
300,235,E2,arch,"E,F,G,H","E,F,G,H"
301,236,E2,arch,"E,F,G,H","E,F,G,H"
302,237,E2,arch,"E,F,G,H","E,F,G,H"
303,238,E2,arch,"E,F,G,H","E,F,G,H"
304,239,E2,arch,"E,F,G,H","E,F,G,H"
305,240,E2,arch,"E,F,G,H","E,F,G,H"
306,241,E2,arch,"E,F,G,H","E,F,G,H"
307,242,E2,arch,"E,F,G,H","E,F,G,H"
308,243,E2,arch,"E,F,G,H","E,F,G,H"
309,244,E2,arch,"E,F,G,H","E,F,G,H"
310,245,E2,arch,"E,F,G,H","E,F,G,H"
311,246,E2,arch,"E,F,G,H","E,F,G,H"
312,247,E2,arch,"E,F,G,H","E,F,G,H"
313,248,E2,arch,"E,F,G,H","E,F,G,H"
314,249,E2,arch,"E,F,G,H","E,F,G,H"
315,250,E2,arch,"E,F,G,H","E,F,G,H"
316,251,E2,arch,"E,F,G,H","E,F,G,H"
317,252,E2,arch,"E,F,G,H","E,F,G,H"
318,253,E2,arch,"E,F,G,H","E,F,G,H"
319,254,E2,arch,"E,F,G,H","E,F,G,H"
320,255,E2,arch,"E,F,G,H","E,F,G,H"
321,256,E2,arch,"E,F,G,H","E,F,G,H"
322,257,E2,arch,"E,F,G,H","E,F,G,H"
323,258,E2,arch,"E,F,G,H","E,F,G,H"
324,259,E2,arch,"E,F,G,H","E,F,G,H"
325,260,E2,arch,"E,F,G,H","E,F,G,H"
326,261,E2,arch,"E,F,G,H","E,F,G,H"
327,262,E2,arch,"E,F,G,H","E,F,G,H"
328,263,E2,arch,"E,F,G,H","E,F,G,H"
329,264,E2,arch,"E,F,G,H","E,F,G,H"
330,265,E2,arch,"E,F,G,H","E,F,G,H"
331,266,E2,arch,"E,F,G,H","E,F,G,H"
332,267,E2,arch,"E,F,G,H","E,F,G,H"
333,268,E2,arch,"E,F,G,H","E,F,G,H"
334,269,E2,arch,"E,F,G,H","E,F,G,H"
335,270,E2,arch,"E,F,G,H","E,F,G,H"
336,271,E2,domain c,"E,F,G,H","E,F,G,H"
337,272,E2,domain c,"E,F,G,H","E,F,G,H"
338,273,E2,domain c,"E,F,G,H","E,F,G,H"
339,274,E2,domain c,"E,F,G,H","E,F,G,H"
340,275,E2,domain c,"E,F,G,H","E,F,G,H"
341,276,E2,domain c,"E,F,G,H","E,F,G,H"
342,277,E2,domain c,"E,F,G,H","E,F,G,H"
343,278,E2,domain c,"E,F,G,H","E,F,G,H"
344,279,E2,domain c,"E,F,G,H","E,F,G,H"
345,280,E2,domain c,"E,F,G,H","E,F,G,H"
346,281,E2,domain c,"E,F,G,H","E,F,G,H"
347,282,E2,domain c,"E,F,G,H","E,F,G,H"
348,283,E2,domain c,"E,F,G,H","E,F,G,H"
349,284,E2,domain c,"E,F,G,H","E,F,G,H"
350,285,E2,domain c,"E,F,G,H","E,F,G,H"
351,286,E2,domain c,"E,F,G,H","E,F,G,H"
352,287,E2,domain c,"E,F,G,H","E,F,G,H"
353,288,E2,domain c,"E,F,G,H","E,F,G,H"
354,289,E2,domain c,"E,F,G,H","E,F,G,H"
355,290,E2,domain c,"E,F,G,H","E,F,G,H"
356,291,E2,domain c,"E,F,G,H","E,F,G,H"
357,292,E2,domain c,"E,F,G,H","E,F,G,H"
358,293,E2,domain c,"E,F,G,H","E,F,G,H"
359,294,E2,domain c,"E,F,G,H","E,F,G,H"
360,295,E2,domain c,"E,F,G,H","E,F,G,H"
361,296,E2,domain c,"E,F,G,H","E,F,G,H"
362,297,E2,domain c,"E,F,G,H","E,F,G,H"
363,298,E2,domain c,"E,F,G,H","E,F,G,H"
364,299,E2,domain c,"E,F,G,H","E,F,G,H"
365,300,E2,domain c,"E,F,G,H","E,F,G,H"
366,301,E2,domain c,"E,F,G,H","E,F,G,H"
367,302,E2,domain c,"E,F,G,H","E,F,G,H"
368,303,E2,domain c,"E,F,G,H","E,F,G,H"
369,304,E2,domain c,"E,F,G,H","E,F,G,H"
370,305,E2,domain c,"E,F,G,H","E,F,G,H"
371,306,E2,domain c,"E,F,G,H","E,F,G,H"
372,307,E2,domain c,"E,F,G,H","E,F,G,H"
373,308,E2,domain c,"E,F,G,H","E,F,G,H"
374,309,E2,domain c,"E,F,G,H","E,F,G,H"
375,310,E2,domain c,"E,F,G,H","E,F,G,H"
376,311,E2,domain c,"E,F,G,H","E,F,G,H"
377,312,E2,domain c,"E,F,G,H","E,F,G,H"
378,313,E2,domain c,"E,F,G,H","E,F,G,H"
379,314,E2,domain c,"E,F,G,H","E,F,G,H"
380,315,E2,domain c,"E,F,G,H","E,F,G,H"
381,316,E2,domain c,"E,F,G,H","E,F,G,H"
382,317,E2,domain c,"E,F,G,H","E,F,G,H"
383,318,E2,domain c,"E,F,G,H","E,F,G,H"
384,319,E2,domain c,"E,F,G,H","E,F,G,H"
385,320,E2,domain c,"E,F,G,H","E,F,G,H"
386,321,E2,domain c,"E,F,G,H","E,F,G,H"
387,322,E2,domain c,"E,F,G,H","E,F,G,H"
388,323,E2,domain c,"E,F,G,H","E,F,G,H"
389,324,E2,domain c,"E,F,G,H","E,F,G,H"
390,325,E2,domain c,"E,F,G,H","E,F,G,H"
391,326,E2,domain c,"E,F,G,H","E,F,G,H"
392,327,E2,domain c,"E,F,G,H","E,F,G,H"
393,328,E2,domain c,"E,F,G,H","E,F,G,H"
394,329,E2,domain c,"E,F,G,H","E,F,G,H"
395,330,E2,domain c,"E,F,G,H","E,F,G,H"
396,331,E2,domain c,"E,F,G,H","E,F,G,H"
397,332,E2,domain c,"E,F,G,H","E,F,G,H"
398,333,E2,domain c,"E,F,G,H","E,F,G,H"
399,334,E2,domain c,"E,F,G,H","E,F,G,H"
400,335,E2,domain c,"E,F,G,H","E,F,G,H"
401,336,E2,domain c,"E,F,G,H","E,F,G,H"
402,337,E2,domain c,"E,F,G,H","E,F,G,H"
403,338,E2,domain c,"E,F,G,H","E,F,G,H"
404,339,E2,domain c,"E,F,G,H","E,F,G,H"
405,340,E2,domain c,"E,F,G,H","E,F,G,H"
406,341,E2,domain c,"E,F,G,H","E,F,G,H"
407,342,E2,stem,"E,F,G,H","E,F,G,H"
408,343,E2,stem,"E,F,G,H","E,F,G,H"
409,344,E2,stem,"E,F,G,H","E,F,G,H"
410,345,E2,stem,"E,F,G,H","E,F,G,H"
411,346,E2,stem,"E,F,G,H","E,F,G,H"
412,347,E2,stem,"E,F,G,H","E,F,G,H"
413,348,E2,stem,"E,F,G,H","E,F,G,H"
414,349,E2,stem,"E,F,G,H","E,F,G,H"
415,350,E2,stem,"E,F,G,H","E,F,G,H"
416,351,E2,stem,"E,F,G,H","E,F,G,H"
417,352,E2,stem,"E,F,G,H","E,F,G,H"
418,353,E2,stem,"E,F,G,H","E,F,G,H"
419,354,E2,stem,"E,F,G,H","E,F,G,H"
420,355,E2,stem,"E,F,G,H","E,F,G,H"
421,356,E2,stem,"E,F,G,H","E,F,G,H"
422,357,E2,stem,"E,F,G,H","E,F,G,H"
423,358,E2,stem,"E,F,G,H","E,F,G,H"
424,359,E2,stem,"E,F,G,H","E,F,G,H"
425,360,E2,stem,"E,F,G,H","E,F,G,H"
426,361,E2,stem,"E,F,G,H","E,F,G,H"
427,362,E2,stem,"E,F,G,H","E,F,G,H"
428,363,E2,transmembrane,"E,F,G,H","E,F,G,H"
429,364,E2,transmembrane,"E,F,G,H","E,F,G,H"
430,365,E2,transmembrane,"E,F,G,H","E,F,G,H"
431,366,E2,transmembrane,"E,F,G,H","E,F,G,H"
432,367,E2,transmembrane,"E,F,G,H","E,F,G,H"
433,368,E2,transmembrane,"E,F,G,H","E,F,G,H"
434,369,E2,transmembrane,"E,F,G,H","E,F,G,H"
435,370,E2,transmembrane,"E,F,G,H","E,F,G,H"
436,371,E2,transmembrane,"E,F,G,H","E,F,G,H"
437,372,E2,transmembrane,"E,F,G,H","E,F,G,H"
438,373,E2,transmembrane,"E,F,G,H","E,F,G,H"
439,374,E2,transmembrane,"E,F,G,H","E,F,G,H"
440,375,E2,transmembrane,"E,F,G,H","E,F,G,H"
441,376,E2,transmembrane,"E,F,G,H","E,F,G,H"
442,377,E2,transmembrane,"E,F,G,H","E,F,G,H"
443,378,E2,transmembrane,"E,F,G,H","E,F,G,H"
444,379,E2,transmembrane,"E,F,G,H","E,F,G,H"
445,380,E2,transmembrane,"E,F,G,H","E,F,G,H"
446,381,E2,transmembrane,"E,F,G,H","E,F,G,H"
447,382,E2,transmembrane,"E,F,G,H","E,F,G,H"
448,383,E2,transmembrane,"E,F,G,H","E,F,G,H"
449,384,E2,transmembrane,"E,F,G,H","E,F,G,H"
450,385,E2,transmembrane,"E,F,G,H","E,F,G,H"
451,386,E2,transmembrane,"E,F,G,H","E,F,G,H"
452,387,E2,transmembrane,"E,F,G,H","E,F,G,H"
453,388,E2,transmembrane,"E,F,G,H","E,F,G,H"
454,389,E2,transmembrane,"E,F,G,H","E,F,G,H"
455,390,E2,transmembrane,"E,F,G,H","E,F,G,H"
456,391,E2,transmembrane,"E,F,G,H","E,F,G,H"
457,392,E2,cytoplasmic,"E,F,G,H","E,F,G,H"
458,393,E2,cytoplasmic,"E,F,G,H","E,F,G,H"
459,394,E2,cytoplasmic,"E,F,G,H","E,F,G,H"
460,395,E2,cytoplasmic,"E,F,G,H","E,F,G,H"
461,396,E2,cytoplasmic,"E,F,G,H","E,F,G,H"
462,397,E2,cytoplasmic,"E,F,G,H","E,F,G,H"
463,398,E2,cytoplasmic,"E,F,G,H","E,F,G,H"
464,399,E2,cytoplasmic,"E,F,G,H","E,F,G,H"
465,400,E2,cytoplasmic,"E,F,G,H","E,F,G,H"
466,401,E2,cytoplasmic,"E,F,G,H","E,F,G,H"
467,402,E2,cytoplasmic,"E,F,G,H","E,F,G,H"
468,403,E2,cytoplasmic,"E,F,G,H","E,F,G,H"
469,404,E2,cytoplasmic,"E,F,G,H","E,F,G,H"
470,405,E2,cytoplasmic,"E,F,G,H","E,F,G,H"
471,406,E2,cytoplasmic,"E,F,G,H","E,F,G,H"
472,407,E2,cytoplasmic,"E,F,G,H","E,F,G,H"
473,408,E2,cytoplasmic,"E,F,G,H","E,F,G,H"
474,409,E2,cytoplasmic,"E,F,G,H","E,F,G,H"
475,410,E2,cytoplasmic,"E,F,G,H","E,F,G,H"
476,411,E2,cytoplasmic,"E,F,G,H","E,F,G,H"
477,412,E2,cytoplasmic,"E,F,G,H","E,F,G,H"
478,413,E2,cytoplasmic,"E,F,G,H","E,F,G,H"
479,414,E2,cytoplasmic,"E,F,G,H","E,F,G,H"
480,415,E2,cytoplasmic,"E,F,G,H","E,F,G,H"
481,416,E2,cytoplasmic,"E,F,G,H","E,F,G,H"
482,417,E2,cytoplasmic,"E,F,G,H","E,F,G,H"
483,418,E2,cytoplasmic,"E,F,G,H","E,F,G,H"
484,419,E2,cytoplasmic,"E,F,G,H","E,F,G,H"
485,420,E2,cytoplasmic,"E,F,G,H","E,F,G,H"
486,421,E2,cytoplasmic,"E,F,G,H","E,F,G,H"
487,422,E2,cytoplasmic,"E,F,G,H","E,F,G,H"
488,423,E2,cytoplasmic,"E,F,G,H","E,F,G,H"
489,,6K,,,
490,,6K,,,
491,,6K,,,
492,,6K,,,
493,,6K,,,
494,,6K,,,
495,,6K,,,
496,,6K,,,
497,,6K,,,
498,,6K,,,
499,,6K,,,
500,,6K,,,
501,,6K,,,
502,,6K,,,
503,,6K,,,
504,,6K,,,
505,,6K,,,
506,,6K,,,
507,,6K,,,
508,,6K,,,
509,,6K,,,
510,,6K,,,
511,,6K,,,
512,,6K,,,
513,,6K,,,
514,,6K,,,
515,,6K,,,
516,,6K,,,
517,,6K,,,
518,,6K,,,
519,,6K,,,
520,,6K,,,
521,,6K,,,
522,,6K,,,
523,,6K,,,
524,,6K,,,
525,,6K,,,
526,,6K,,,
527,,6K,,,
528,,6K,,,
529,,6K,,,
530,,6K,,,
531,,6K,,,
532,,6K,,,
533,,6K,,,
534,,6K,,,
535,,6K,,,
536,,6K,,,
537,,6K,,,
538,,6K,,,
539,,6K,,,
540,,6K,,,
541,,6K,,,
542,,6K,,,
543,,6K,,,
544,,6K,,,
545,,6K,,,
546,,6K,,,
547,,6K,,,
548,,6K,,,
549,,6K,,,
550,1,E1,domain I,"A,B,C,D","A,B,C,D"
551,2,E1,domain I,"A,B,C,D","A,B,C,D"
552,3,E1,domain I,"A,B,C,D","A,B,C,D"
553,4,E1,domain I,"A,B,C,D","A,B,C,D"
554,5,E1,domain I,"A,B,C,D","A,B,C,D"
555,6,E1,domain I,"A,B,C,D","A,B,C,D"
556,7,E1,domain I,"A,B,C,D","A,B,C,D"
557,8,E1,domain I,"A,B,C,D","A,B,C,D"
558,9,E1,domain I,"A,B,C,D","A,B,C,D"
559,10,E1,domain I,"A,B,C,D","A,B,C,D"
560,11,E1,domain I,"A,B,C,D","A,B,C,D"
561,12,E1,domain I,"A,B,C,D","A,B,C,D"
562,13,E1,domain I,"A,B,C,D","A,B,C,D"
563,14,E1,domain I,"A,B,C,D","A,B,C,D"
564,15,E1,domain I,"A,B,C,D","A,B,C,D"
565,16,E1,domain I,"A,B,C,D","A,B,C,D"
566,17,E1,domain I,"A,B,C,D","A,B,C,D"
567,18,E1,domain I,"A,B,C,D","A,B,C,D"
568,19,E1,domain I,"A,B,C,D","A,B,C,D"
569,20,E1,domain I,"A,B,C,D","A,B,C,D"
570,21,E1,domain I,"A,B,C,D","A,B,C,D"
571,22,E1,domain I,"A,B,C,D","A,B,C,D"
572,23,E1,domain I,"A,B,C,D","A,B,C,D"
573,24,E1,domain I,"A,B,C,D","A,B,C,D"
574,25,E1,domain I,"A,B,C,D","A,B,C,D"
575,26,E1,domain I,"A,B,C,D","A,B,C,D"
576,27,E1,domain I,"A,B,C,D","A,B,C,D"
577,28,E1,domain I,"A,B,C,D","A,B,C,D"
578,29,E1,domain I,"A,B,C,D","A,B,C,D"
579,30,E1,domain I,"A,B,C,D","A,B,C,D"
580,31,E1,domain I,"A,B,C,D","A,B,C,D"
581,32,E1,domain I,"A,B,C,D","A,B,C,D"
582,33,E1,domain I,"A,B,C,D","A,B,C,D"
583,34,E1,domain I,"A,B,C,D","A,B,C,D"
584,35,E1,domain I,"A,B,C,D","A,B,C,D"
585,36,E1,domain I,"A,B,C,D","A,B,C,D"
586,37,E1,domain I,"A,B,C,D","A,B,C,D"
587,38,E1,domain I,"A,B,C,D","A,B,C,D"
588,39,E1,domain I,"A,B,C,D","A,B,C,D"
589,40,E1,domain II,"A,B,C,D","A,B,C,D"
590,41,E1,domain II,"A,B,C,D","A,B,C,D"
591,42,E1,domain II,"A,B,C,D","A,B,C,D"
592,43,E1,domain II,"A,B,C,D","A,B,C,D"
593,44,E1,domain II,"A,B,C,D","A,B,C,D"
594,45,E1,domain II,"A,B,C,D","A,B,C,D"
595,46,E1,domain II,"A,B,C,D","A,B,C,D"
596,47,E1,domain II,"A,B,C,D","A,B,C,D"
597,48,E1,domain II,"A,B,C,D","A,B,C,D"
598,49,E1,domain II,"A,B,C,D","A,B,C,D"
599,50,E1,domain II,"A,B,C,D","A,B,C,D"
600,51,E1,domain II,"A,B,C,D","A,B,C,D"
601,52,E1,domain II,"A,B,C,D","A,B,C,D"
602,53,E1,domain II,"A,B,C,D","A,B,C,D"
603,54,E1,domain II,"A,B,C,D","A,B,C,D"
604,55,E1,domain II,"A,B,C,D","A,B,C,D"
605,56,E1,domain II,"A,B,C,D","A,B,C,D"
606,57,E1,domain II,"A,B,C,D","A,B,C,D"
607,58,E1,domain II,"A,B,C,D","A,B,C,D"
608,59,E1,domain II,"A,B,C,D","A,B,C,D"
609,60,E1,domain II,"A,B,C,D","A,B,C,D"
610,61,E1,domain II,"A,B,C,D","A,B,C,D"
611,62,E1,domain II,"A,B,C,D","A,B,C,D"
612,63,E1,domain II,"A,B,C,D","A,B,C,D"
613,64,E1,domain II,"A,B,C,D","A,B,C,D"
614,65,E1,domain II,"A,B,C,D","A,B,C,D"
615,66,E1,domain II,"A,B,C,D","A,B,C,D"
616,67,E1,domain II,"A,B,C,D","A,B,C,D"
617,68,E1,domain II,"A,B,C,D","A,B,C,D"
618,69,E1,domain II,"A,B,C,D","A,B,C,D"
619,70,E1,domain II,"A,B,C,D","A,B,C,D"
620,71,E1,domain II,"A,B,C,D","A,B,C,D"
621,72,E1,domain II,"A,B,C,D","A,B,C,D"
622,73,E1,domain II,"A,B,C,D","A,B,C,D"
623,74,E1,domain II,"A,B,C,D","A,B,C,D"
624,75,E1,domain II,"A,B,C,D","A,B,C,D"
625,76,E1,domain II,"A,B,C,D","A,B,C,D"
626,77,E1,domain II,"A,B,C,D","A,B,C,D"
627,78,E1,domain II,"A,B,C,D","A,B,C,D"
628,79,E1,domain II,"A,B,C,D","A,B,C,D"
629,80,E1,domain II,"A,B,C,D","A,B,C,D"
630,81,E1,domain II,"A,B,C,D","A,B,C,D"
631,82,E1,domain II,"A,B,C,D","A,B,C,D"
632,83,E1,domain II,"A,B,C,D","A,B,C,D"
633,84,E1,fusion loop,"A,B,C,D","A,B,C,D"
634,85,E1,fusion loop,"A,B,C,D","A,B,C,D"
635,86,E1,fusion loop,"A,B,C,D","A,B,C,D"
636,87,E1,fusion loop,"A,B,C,D","A,B,C,D"
637,88,E1,fusion loop,"A,B,C,D","A,B,C,D"
638,89,E1,fusion loop,"A,B,C,D","A,B,C,D"
639,90,E1,fusion loop,"A,B,C,D","A,B,C,D"
640,91,E1,fusion loop,"A,B,C,D","A,B,C,D"
641,92,E1,fusion loop,"A,B,C,D","A,B,C,D"
642,93,E1,fusion loop,"A,B,C,D","A,B,C,D"
643,94,E1,fusion loop,"A,B,C,D","A,B,C,D"
644,95,E1,fusion loop,"A,B,C,D","A,B,C,D"
645,96,E1,fusion loop,"A,B,C,D","A,B,C,D"
646,97,E1,fusion loop,"A,B,C,D","A,B,C,D"
647,98,E1,fusion loop,"A,B,C,D","A,B,C,D"
648,99,E1,fusion loop,"A,B,C,D","A,B,C,D"
649,100,E1,domain II,"A,B,C,D","A,B,C,D"
650,101,E1,domain II,"A,B,C,D","A,B,C,D"
651,102,E1,domain II,"A,B,C,D","A,B,C,D"
652,103,E1,domain II,"A,B,C,D","A,B,C,D"
653,104,E1,domain II,"A,B,C,D","A,B,C,D"
654,105,E1,domain II,"A,B,C,D","A,B,C,D"
655,106,E1,domain II,"A,B,C,D","A,B,C,D"
656,107,E1,domain II,"A,B,C,D","A,B,C,D"
657,108,E1,domain II,"A,B,C,D","A,B,C,D"
658,109,E1,domain II,"A,B,C,D","A,B,C,D"
659,110,E1,domain II,"A,B,C,D","A,B,C,D"
660,111,E1,domain II,"A,B,C,D","A,B,C,D"
661,112,E1,domain II,"A,B,C,D","A,B,C,D"
662,113,E1,domain II,"A,B,C,D","A,B,C,D"
663,114,E1,domain II,"A,B,C,D","A,B,C,D"
664,115,E1,domain II,"A,B,C,D","A,B,C,D"
665,116,E1,domain II,"A,B,C,D","A,B,C,D"
666,117,E1,domain II,"A,B,C,D","A,B,C,D"
667,118,E1,domain II,"A,B,C,D","A,B,C,D"
668,119,E1,domain II,"A,B,C,D","A,B,C,D"
669,120,E1,domain II,"A,B,C,D","A,B,C,D"
670,121,E1,domain II,"A,B,C,D","A,B,C,D"
671,122,E1,domain II,"A,B,C,D","A,B,C,D"
672,123,E1,domain II,"A,B,C,D","A,B,C,D"
673,124,E1,domain II,"A,B,C,D","A,B,C,D"
674,125,E1,domain II,"A,B,C,D","A,B,C,D"
675,126,E1,domain II,"A,B,C,D","A,B,C,D"
676,127,E1,domain II,"A,B,C,D","A,B,C,D"
677,128,E1,domain II,"A,B,C,D","A,B,C,D"
678,129,E1,domain I,"A,B,C,D","A,B,C,D"
679,130,E1,domain I,"A,B,C,D","A,B,C,D"
680,131,E1,domain I,"A,B,C,D","A,B,C,D"
681,132,E1,domain I,"A,B,C,D","A,B,C,D"
682,133,E1,domain I,"A,B,C,D","A,B,C,D"
683,134,E1,domain I,"A,B,C,D","A,B,C,D"
684,135,E1,domain I,"A,B,C,D","A,B,C,D"
685,136,E1,domain I,"A,B,C,D","A,B,C,D"
686,137,E1,domain I,"A,B,C,D","A,B,C,D"
687,138,E1,domain I,"A,B,C,D","A,B,C,D"
688,139,E1,domain I,"A,B,C,D","A,B,C,D"
689,140,E1,domain I,"A,B,C,D","A,B,C,D"
690,141,E1,domain I,"A,B,C,D","A,B,C,D"
691,142,E1,domain I,"A,B,C,D","A,B,C,D"
692,143,E1,domain I,"A,B,C,D","A,B,C,D"
693,144,E1,domain I,"A,B,C,D","A,B,C,D"
694,145,E1,domain I,"A,B,C,D","A,B,C,D"
695,146,E1,domain I,"A,B,C,D","A,B,C,D"
696,147,E1,domain I,"A,B,C,D","A,B,C,D"
697,148,E1,domain I,"A,B,C,D","A,B,C,D"
698,149,E1,domain I,"A,B,C,D","A,B,C,D"
699,150,E1,domain I,"A,B,C,D","A,B,C,D"
700,151,E1,domain I,"A,B,C,D","A,B,C,D"
701,152,E1,domain I,"A,B,C,D","A,B,C,D"
702,153,E1,domain I,"A,B,C,D","A,B,C,D"
703,154,E1,domain I,"A,B,C,D","A,B,C,D"
704,155,E1,domain I,"A,B,C,D","A,B,C,D"
705,156,E1,domain I,"A,B,C,D","A,B,C,D"
706,157,E1,domain I,"A,B,C,D","A,B,C,D"
707,158,E1,domain I,"A,B,C,D","A,B,C,D"
708,159,E1,domain I,"A,B,C,D","A,B,C,D"
709,160,E1,domain I,"A,B,C,D","A,B,C,D"
710,161,E1,domain I,"A,B,C,D","A,B,C,D"
711,162,E1,domain I,"A,B,C,D","A,B,C,D"
712,163,E1,domain I,"A,B,C,D","A,B,C,D"
713,164,E1,domain I,"A,B,C,D","A,B,C,D"
714,165,E1,domain I,"A,B,C,D","A,B,C,D"
715,166,E1,domain I,"A,B,C,D","A,B,C,D"
716,167,E1,domain I,"A,B,C,D","A,B,C,D"
717,168,E1,domain I,"A,B,C,D","A,B,C,D"
718,169,E1,domain II,"A,B,C,D","A,B,C,D"
719,170,E1,domain II,"A,B,C,D","A,B,C,D"
720,171,E1,domain II,"A,B,C,D","A,B,C,D"
721,172,E1,domain II,"A,B,C,D","A,B,C,D"
722,173,E1,domain II,"A,B,C,D","A,B,C,D"
723,174,E1,domain II,"A,B,C,D","A,B,C,D"
724,175,E1,domain II,"A,B,C,D","A,B,C,D"
725,176,E1,domain II,"A,B,C,D","A,B,C,D"
726,177,E1,domain II,"A,B,C,D","A,B,C,D"
727,178,E1,domain II,"A,B,C,D","A,B,C,D"
728,179,E1,domain II,"A,B,C,D","A,B,C,D"
729,180,E1,domain II,"A,B,C,D","A,B,C,D"
730,181,E1,domain II,"A,B,C,D","A,B,C,D"
731,182,E1,domain II,"A,B,C,D","A,B,C,D"
732,183,E1,domain II,"A,B,C,D","A,B,C,D"
733,184,E1,domain II,"A,B,C,D","A,B,C,D"
734,185,E1,domain II,"A,B,C,D","A,B,C,D"
735,186,E1,domain II,"A,B,C,D","A,B,C,D"
736,187,E1,domain II,"A,B,C,D","A,B,C,D"
737,188,E1,domain II,"A,B,C,D","A,B,C,D"
738,189,E1,domain II,"A,B,C,D","A,B,C,D"
739,190,E1,domain II,"A,B,C,D","A,B,C,D"
740,191,E1,domain II,"A,B,C,D","A,B,C,D"
741,192,E1,domain II,"A,B,C,D","A,B,C,D"
742,193,E1,domain II,"A,B,C,D","A,B,C,D"
743,194,E1,domain II,"A,B,C,D","A,B,C,D"
744,195,E1,domain II,"A,B,C,D","A,B,C,D"
745,196,E1,domain II,"A,B,C,D","A,B,C,D"
746,197,E1,domain II,"A,B,C,D","A,B,C,D"
747,198,E1,domain II,"A,B,C,D","A,B,C,D"
748,199,E1,domain II,"A,B,C,D","A,B,C,D"
749,200,E1,domain II,"A,B,C,D","A,B,C,D"
750,201,E1,domain II,"A,B,C,D","A,B,C,D"
751,202,E1,domain II,"A,B,C,D","A,B,C,D"
752,203,E1,domain II,"A,B,C,D","A,B,C,D"
753,204,E1,domain II,"A,B,C,D","A,B,C,D"
754,205,E1,domain II,"A,B,C,D","A,B,C,D"
755,206,E1,domain II,"A,B,C,D","A,B,C,D"
756,207,E1,domain II,"A,B,C,D","A,B,C,D"
757,208,E1,domain II,"A,B,C,D","A,B,C,D"
758,209,E1,domain II,"A,B,C,D","A,B,C,D"
759,210,E1,domain II,"A,B,C,D","A,B,C,D"
760,211,E1,domain II,"A,B,C,D","A,B,C,D"
761,212,E1,domain II,"A,B,C,D","A,B,C,D"
762,213,E1,domain II,"A,B,C,D","A,B,C,D"
763,214,E1,domain II,"A,B,C,D","A,B,C,D"
764,215,E1,domain II,"A,B,C,D","A,B,C,D"
765,216,E1,domain II,"A,B,C,D","A,B,C,D"
766,217,E1,domain II,"A,B,C,D","A,B,C,D"
767,218,E1,domain II,"A,B,C,D","A,B,C,D"
768,219,E1,domain II,"A,B,C,D","A,B,C,D"
769,220,E1,domain II,"A,B,C,D","A,B,C,D"
770,221,E1,domain II,"A,B,C,D","A,B,C,D"
771,222,E1,domain II,"A,B,C,D","A,B,C,D"
772,223,E1,domain II,"A,B,C,D","A,B,C,D"
773,224,E1,domain II,"A,B,C,D","A,B,C,D"
774,225,E1,domain II,"A,B,C,D","A,B,C,D"
775,226,E1,domain II,"A,B,C,D","A,B,C,D"
776,227,E1,domain II,"A,B,C,D","A,B,C,D"
777,228,E1,domain II,"A,B,C,D","A,B,C,D"
778,229,E1,domain II,"A,B,C,D","A,B,C,D"
779,230,E1,domain II,"A,B,C,D","A,B,C,D"
780,231,E1,domain II,"A,B,C,D","A,B,C,D"
781,232,E1,domain II,"A,B,C,D","A,B,C,D"
782,233,E1,domain II,"A,B,C,D","A,B,C,D"
783,234,E1,domain II,"A,B,C,D","A,B,C,D"
784,235,E1,domain II,"A,B,C,D","A,B,C,D"
785,236,E1,domain II,"A,B,C,D","A,B,C,D"
786,237,E1,domain II,"A,B,C,D","A,B,C,D"
787,238,E1,domain II,"A,B,C,D","A,B,C,D"
788,239,E1,domain II,"A,B,C,D","A,B,C,D"
789,240,E1,domain II,"A,B,C,D","A,B,C,D"
790,241,E1,domain II,"A,B,C,D","A,B,C,D"
791,242,E1,domain II,"A,B,C,D","A,B,C,D"
792,243,E1,domain II,"A,B,C,D","A,B,C,D"
793,244,E1,domain II,"A,B,C,D","A,B,C,D"
794,245,E1,domain II,"A,B,C,D","A,B,C,D"
795,246,E1,domain II,"A,B,C,D","A,B,C,D"
796,247,E1,domain II,"A,B,C,D","A,B,C,D"
797,248,E1,domain II,"A,B,C,D","A,B,C,D"
798,249,E1,domain II,"A,B,C,D","A,B,C,D"
799,250,E1,domain II,"A,B,C,D","A,B,C,D"
800,251,E1,domain II,"A,B,C,D","A,B,C,D"
801,252,E1,domain II,"A,B,C,D","A,B,C,D"
802,253,E1,domain II,"A,B,C,D","A,B,C,D"
803,254,E1,domain II,"A,B,C,D","A,B,C,D"
804,255,E1,domain II,"A,B,C,D","A,B,C,D"
805,256,E1,domain II,"A,B,C,D","A,B,C,D"
806,257,E1,domain II,"A,B,C,D","A,B,C,D"
807,258,E1,domain II,"A,B,C,D","A,B,C,D"
808,259,E1,domain II,"A,B,C,D","A,B,C,D"
809,260,E1,domain II,"A,B,C,D","A,B,C,D"
810,261,E1,domain II,"A,B,C,D","A,B,C,D"
811,262,E1,domain II,"A,B,C,D","A,B,C,D"
812,263,E1,domain II,"A,B,C,D","A,B,C,D"
813,264,E1,domain II,"A,B,C,D","A,B,C,D"
814,265,E1,domain II,"A,B,C,D","A,B,C,D"
815,266,E1,domain II,"A,B,C,D","A,B,C,D"
816,267,E1,domain II,"A,B,C,D","A,B,C,D"
817,268,E1,domain II,"A,B,C,D","A,B,C,D"
818,269,E1,domain II,"A,B,C,D","A,B,C,D"
819,270,E1,domain II,"A,B,C,D","A,B,C,D"
820,271,E1,domain II,"A,B,C,D","A,B,C,D"
821,272,E1,domain I,"A,B,C,D","A,B,C,D"
822,273,E1,domain I,"A,B,C,D","A,B,C,D"
823,274,E1,domain I,"A,B,C,D","A,B,C,D"
824,275,E1,domain I,"A,B,C,D","A,B,C,D"
825,276,E1,domain I,"A,B,C,D","A,B,C,D"
826,277,E1,domain I,"A,B,C,D","A,B,C,D"
827,278,E1,domain I,"A,B,C,D","A,B,C,D"
828,279,E1,domain I,"A,B,C,D","A,B,C,D"
829,280,E1,domain I,"A,B,C,D","A,B,C,D"
830,281,E1,domain I,"A,B,C,D","A,B,C,D"
831,282,E1,domain I,"A,B,C,D","A,B,C,D"
832,283,E1,domain I,"A,B,C,D","A,B,C,D"
833,284,E1,,"A,B,C,D","A,B,C,D"
834,285,E1,,"A,B,C,D","A,B,C,D"
835,286,E1,,"A,B,C,D","A,B,C,D"
836,287,E1,,"A,B,C,D","A,B,C,D"
837,288,E1,,"A,B,C,D","A,B,C,D"
838,289,E1,,"A,B,C,D","A,B,C,D"
839,290,E1,,"A,B,C,D","A,B,C,D"
840,291,E1,,"A,B,C,D","A,B,C,D"
841,292,E1,,"A,B,C,D","A,B,C,D"
842,293,E1,,"A,B,C,D","A,B,C,D"
843,294,E1,,"A,B,C,D","A,B,C,D"
844,295,E1,domain III,"A,B,C,D","A,B,C,D"
845,296,E1,domain III,"A,B,C,D","A,B,C,D"
846,297,E1,domain III,"A,B,C,D","A,B,C,D"
847,298,E1,domain III,"A,B,C,D","A,B,C,D"
848,299,E1,domain III,"A,B,C,D","A,B,C,D"
849,300,E1,domain III,"A,B,C,D","A,B,C,D"
850,301,E1,domain III,"A,B,C,D","A,B,C,D"
851,302,E1,domain III,"A,B,C,D","A,B,C,D"
852,303,E1,domain III,"A,B,C,D","A,B,C,D"
853,304,E1,domain III,"A,B,C,D","A,B,C,D"
854,305,E1,domain III,"A,B,C,D","A,B,C,D"
855,306,E1,domain III,"A,B,C,D","A,B,C,D"
856,307,E1,domain III,"A,B,C,D","A,B,C,D"
857,308,E1,domain III,"A,B,C,D","A,B,C,D"
858,309,E1,domain III,"A,B,C,D","A,B,C,D"
859,310,E1,domain III,"A,B,C,D","A,B,C,D"
860,311,E1,domain III,"A,B,C,D","A,B,C,D"
861,312,E1,domain III,"A,B,C,D","A,B,C,D"
862,313,E1,domain III,"A,B,C,D","A,B,C,D"
863,314,E1,domain III,"A,B,C,D","A,B,C,D"
864,315,E1,domain III,"A,B,C,D","A,B,C,D"
865,316,E1,domain III,"A,B,C,D","A,B,C,D"
866,317,E1,domain III,"A,B,C,D","A,B,C,D"
867,318,E1,domain III,"A,B,C,D","A,B,C,D"
868,319,E1,domain III,"A,B,C,D","A,B,C,D"
869,320,E1,domain III,"A,B,C,D","A,B,C,D"
870,321,E1,domain III,"A,B,C,D","A,B,C,D"
871,322,E1,domain III,"A,B,C,D","A,B,C,D"
872,323,E1,domain III,"A,B,C,D","A,B,C,D"
873,324,E1,domain III,"A,B,C,D","A,B,C,D"
874,325,E1,domain III,"A,B,C,D","A,B,C,D"
875,326,E1,domain III,"A,B,C,D","A,B,C,D"
876,327,E1,domain III,"A,B,C,D","A,B,C,D"
877,328,E1,domain III,"A,B,C,D","A,B,C,D"
878,329,E1,domain III,"A,B,C,D","A,B,C,D"
879,330,E1,domain III,"A,B,C,D","A,B,C,D"
880,331,E1,domain III,"A,B,C,D","A,B,C,D"
881,332,E1,domain III,"A,B,C,D","A,B,C,D"
882,333,E1,domain III,"A,B,C,D","A,B,C,D"
883,334,E1,domain III,"A,B,C,D","A,B,C,D"
884,335,E1,domain III,"A,B,C,D","A,B,C,D"
885,336,E1,domain III,"A,B,C,D","A,B,C,D"
886,337,E1,domain III,"A,B,C,D","A,B,C,D"
887,338,E1,domain III,"A,B,C,D","A,B,C,D"
888,339,E1,domain III,"A,B,C,D","A,B,C,D"
889,340,E1,domain III,"A,B,C,D","A,B,C,D"
890,341,E1,domain III,"A,B,C,D","A,B,C,D"
891,342,E1,domain III,"A,B,C,D","A,B,C,D"
892,343,E1,domain III,"A,B,C,D","A,B,C,D"
893,344,E1,domain III,"A,B,C,D","A,B,C,D"
894,345,E1,domain III,"A,B,C,D","A,B,C,D"
895,346,E1,domain III,"A,B,C,D","A,B,C,D"
896,347,E1,domain III,"A,B,C,D","A,B,C,D"
897,348,E1,domain III,"A,B,C,D","A,B,C,D"
898,349,E1,domain III,"A,B,C,D","A,B,C,D"
899,350,E1,domain III,"A,B,C,D","A,B,C,D"
900,351,E1,domain III,"A,B,C,D","A,B,C,D"
901,352,E1,domain III,"A,B,C,D","A,B,C,D"
902,353,E1,domain III,"A,B,C,D","A,B,C,D"
903,354,E1,domain III,"A,B,C,D","A,B,C,D"
904,355,E1,domain III,"A,B,C,D","A,B,C,D"
905,356,E1,domain III,"A,B,C,D","A,B,C,D"
906,357,E1,domain III,"A,B,C,D","A,B,C,D"
907,358,E1,domain III,"A,B,C,D","A,B,C,D"
908,359,E1,domain III,"A,B,C,D","A,B,C,D"
909,360,E1,domain III,"A,B,C,D","A,B,C,D"
910,361,E1,domain III,"A,B,C,D","A,B,C,D"
911,362,E1,domain III,"A,B,C,D","A,B,C,D"
912,363,E1,domain III,"A,B,C,D","A,B,C,D"
913,364,E1,domain III,"A,B,C,D","A,B,C,D"
914,365,E1,domain III,"A,B,C,D","A,B,C,D"
915,366,E1,domain III,"A,B,C,D","A,B,C,D"
916,367,E1,domain III,"A,B,C,D","A,B,C,D"
917,368,E1,domain III,"A,B,C,D","A,B,C,D"
918,369,E1,domain III,"A,B,C,D","A,B,C,D"
919,370,E1,domain III,"A,B,C,D","A,B,C,D"
920,371,E1,domain III,"A,B,C,D","A,B,C,D"
921,372,E1,domain III,"A,B,C,D","A,B,C,D"
922,373,E1,domain III,"A,B,C,D","A,B,C,D"
923,374,E1,domain III,"A,B,C,D","A,B,C,D"
924,375,E1,domain III,"A,B,C,D","A,B,C,D"
925,376,E1,domain III,"A,B,C,D","A,B,C,D"
926,377,E1,domain III,"A,B,C,D","A,B,C,D"
927,378,E1,domain III,"A,B,C,D","A,B,C,D"
928,379,E1,domain III,"A,B,C,D","A,B,C,D"
929,380,E1,domain III,"A,B,C,D","A,B,C,D"
930,381,E1,domain III,"A,B,C,D","A,B,C,D"
931,382,E1,stem,"A,B,C,D","A,B,C,D"
932,383,E1,stem,"A,B,C,D","A,B,C,D"
933,384,E1,stem,"A,B,C,D","A,B,C,D"
934,385,E1,stem,"A,B,C,D","A,B,C,D"
935,386,E1,stem,"A,B,C,D","A,B,C,D"
936,387,E1,stem,"A,B,C,D","A,B,C,D"
937,388,E1,stem,"A,B,C,D","A,B,C,D"
938,389,E1,stem,"A,B,C,D","A,B,C,D"
939,390,E1,stem,"A,B,C,D","A,B,C,D"
940,391,E1,stem,"A,B,C,D","A,B,C,D"
941,392,E1,stem,"A,B,C,D","A,B,C,D"
942,393,E1,stem,"A,B,C,D","A,B,C,D"
943,394,E1,stem,"A,B,C,D","A,B,C,D"
944,395,E1,stem,"A,B,C,D","A,B,C,D"
945,396,E1,stem,"A,B,C,D","A,B,C,D"
946,397,E1,stem,"A,B,C,D","A,B,C,D"
947,398,E1,stem,"A,B,C,D","A,B,C,D"
948,399,E1,stem,"A,B,C,D","A,B,C,D"
949,400,E1,stem,"A,B,C,D","A,B,C,D"
950,401,E1,stem,"A,B,C,D","A,B,C,D"
951,402,E1,stem,"A,B,C,D","A,B,C,D"
952,403,E1,stem,"A,B,C,D","A,B,C,D"
953,404,E1,stem,"A,B,C,D","A,B,C,D"
954,405,E1,stem,"A,B,C,D","A,B,C,D"
955,406,E1,stem,"A,B,C,D","A,B,C,D"
956,407,E1,stem,"A,B,C,D","A,B,C,D"
957,408,E1,stem,"A,B,C,D","A,B,C,D"
958,409,E1,stem,"A,B,C,D","A,B,C,D"
959,410,E1,stem,"A,B,C,D","A,B,C,D"
960,411,E1,stem,"A,B,C,D","A,B,C,D"
961,412,E1,stem,"A,B,C,D","A,B,C,D"
962,413,E1,transmembrane,"A,B,C,D","A,B,C,D"
963,414,E1,transmembrane,"A,B,C,D","A,B,C,D"
964,415,E1,transmembrane,"A,B,C,D","A,B,C,D"
965,416,E1,transmembrane,"A,B,C,D","A,B,C,D"
966,417,E1,transmembrane,"A,B,C,D","A,B,C,D"
967,418,E1,transmembrane,"A,B,C,D","A,B,C,D"
968,419,E1,transmembrane,"A,B,C,D","A,B,C,D"
969,420,E1,transmembrane,"A,B,C,D","A,B,C,D"
970,421,E1,transmembrane,"A,B,C,D","A,B,C,D"
971,422,E1,transmembrane,"A,B,C,D","A,B,C,D"
972,423,E1,transmembrane,"A,B,C,D","A,B,C,D"
973,424,E1,transmembrane,"A,B,C,D","A,B,C,D"
974,425,E1,transmembrane,"A,B,C,D","A,B,C,D"
975,426,E1,transmembrane,"A,B,C,D","A,B,C,D"
976,427,E1,transmembrane,"A,B,C,D","A,B,C,D"
977,428,E1,transmembrane,"A,B,C,D","A,B,C,D"
978,429,E1,transmembrane,"A,B,C,D","A,B,C,D"
979,430,E1,transmembrane,"A,B,C,D","A,B,C,D"
980,431,E1,transmembrane,"A,B,C,D","A,B,C,D"
981,432,E1,transmembrane,"A,B,C,D","A,B,C,D"
982,433,E1,transmembrane,"A,B,C,D","A,B,C,D"
983,434,E1,transmembrane,"A,B,C,D","A,B,C,D"
984,435,E1,transmembrane,"A,B,C,D","A,B,C,D"
985,436,E1,transmembrane,"A,B,C,D","A,B,C,D"
986,437,E1,cytoplasmic,"A,B,C,D","A,B,C,D"
987,438,E1,cytoplasmic,"A,B,C,D","A,B,C,D"
988,439,E1,cytoplasmic,"A,B,C,D","A,B,C,D"
